"created_at","decryption_key","encryption_algorithm","entity_type","hashes","objectLabel","objectMarking","observable_value","payload_bin","updated_at","url","x_opencti_description","x_opencti_score","hashes.MD5","hashes_SHA-1","hashes_SHA-256","hashes_SHA-512","hashes_SSDEEP"
"2024-08-10T19:34:15.547Z","","","Artifact","","malware-bazaar,exe","TLP:CLEAR","7ad13bced2b5736ae9e2024124b8228ad8ddbb5ddaf2cd18d0c1c3953b4ac23e6e69e56be522e1988078d5e3119768f27ff71d734e6849e628e8acb47c5e7280","","2024-08-10T19:34:26.548Z","","Uploaded to MalwareBazaar by Twitter user: SecuriteInfoCom.","","","aa13beca7291e4a48e98cb8248c34cf02ba8429a","05287f96bdc3579bfe6416282c22e95ae5bc4a59b8ffd9395d9d6a851b9717ef","7ad13bced2b5736ae9e2024124b8228ad8ddbb5ddaf2cd18d0c1c3953b4ac23e6e69e56be522e1988078d5e3119768f27ff71d734e6849e628e8acb47c5e7280",""
"2024-08-10T19:34:27.993Z","","","Artifact","","malware-bazaar,exe","TLP:CLEAR","0d629600ec047c5fa5ea158846f791daa57c0df0aeadfa489c19148317ded3fcadfeccb7b3e3c6fd293b93af73661f595e1470153b6427860adc633c7e2b93ca","","2024-08-10T19:34:38.259Z","","Uploaded to MalwareBazaar by Twitter user: SecuriteInfoCom.","","","8a42315b76da5fc3a4f9758cf90969570515464e","bbbba55fdd6cbc5ae4e2c45260327d608fae5483f793cb476538652a78730f8c","0d629600ec047c5fa5ea158846f791daa57c0df0aeadfa489c19148317ded3fcadfeccb7b3e3c6fd293b93af73661f595e1470153b6427860adc633c7e2b93ca",""
"2024-08-10T19:34:39.853Z","","","Artifact","","malware-bazaar,elf","TLP:CLEAR","dc041c73d90ab3d5a3d7f9373adebdf0983fc3fb37f62c9cefa59f2a54ee364d775a91f2d72c96c5ce5a5ccac1fff3053de563dc57dd56066eced771f98058ff","","2024-08-10T19:34:49.270Z","","Uploaded to MalwareBazaar by Twitter user: SecuriteInfoCom.","","","f382f4c9f9f422803c34150996edd0a42f8ff31d","fab082a123cc5278e01851e7bd571dd96be796db3b500aa2e29a695004af9198","dc041c73d90ab3d5a3d7f9373adebdf0983fc3fb37f62c9cefa59f2a54ee364d775a91f2d72c96c5ce5a5ccac1fff3053de563dc57dd56066eced771f98058ff",""
"2024-08-10T19:34:52.454Z","","","Artifact","","malware-bazaar,exe","TLP:CLEAR","fa9d5987ef0f9f14d98d5070e09d980e944e4f06966b2601a3b01bfe95a0df239305bd4dad292a8808e6dee6e02d0d33079eda2ddb668ba31d2a9949173a2a31","","2024-08-10T19:35:06.777Z","","Uploaded to MalwareBazaar by Twitter user: SecuriteInfoCom.","","","2fc8790129fa21cb76642cbd7ab04fc1783e911b","be9862ad765af7e71a322549640747a6952c4e8bc18b6568c4781df33f0bbfd6","fa9d5987ef0f9f14d98d5070e09d980e944e4f06966b2601a3b01bfe95a0df239305bd4dad292a8808e6dee6e02d0d33079eda2ddb668ba31d2a9949173a2a31",""
"2024-08-10T19:35:07.945Z","","","Artifact","","malware-bazaar,elf","TLP:CLEAR","dbb53151e3286521fc8b481af88b1e5427e8121fefc080f733b67048e89836b14cc2676b7ec643546b1b7a4470b5332ad490bd2c9b0a43a6aeb7fa6377f4c360","","2024-08-10T19:35:16.193Z","","Uploaded to MalwareBazaar by Twitter user: SecuriteInfoCom.","","","e4feebee8f7e7b6f99c2ad61663714ab544552f1","af4a705ff8a6b54f60a1dd450fb56f99199b16bd0eb64e1710591a80ffe7cb1d","dbb53151e3286521fc8b481af88b1e5427e8121fefc080f733b67048e89836b14cc2676b7ec643546b1b7a4470b5332ad490bd2c9b0a43a6aeb7fa6377f4c360",""
"2024-08-10T19:35:17.831Z","","","Artifact","","malware-bazaar,exe","TLP:CLEAR","789a537876cd0036bed00e5aba6253c3160a40839427e938af3ad8e3f8b2e35ab7f4a9aeeb1bc845ae9d08b5103d99a99358f73aadd7aad0d94c91bd0bf0624d","","2024-08-10T19:35:27.329Z","","Uploaded to MalwareBazaar by Twitter user: SecuriteInfoCom.","","","c4ef5a41c3d6dfea343aa5ce4d0bdc3c9ac1b772","df39e30f987a58e34b1b83c0ba97a735eb51a72aa9f5ed7eb4a9f1efea825be3","789a537876cd0036bed00e5aba6253c3160a40839427e938af3ad8e3f8b2e35ab7f4a9aeeb1bc845ae9d08b5103d99a99358f73aadd7aad0d94c91bd0bf0624d",""
"2024-08-10T19:35:33.322Z","","","Artifact","","malware-bazaar,exe","TLP:CLEAR","ed247ff1b11bfd6601e690e5e9a4743988945f8c6f32b15c1a02d7ecfc9a16a123bd6fa4e3e891283b6ab9c641c4258a610dbefdfb26146f55d7354e66ac7199","","2024-08-10T19:35:43.820Z","","Uploaded to MalwareBazaar by Twitter user: SecuriteInfoCom.","","","915bf2ee3078ddc7b9a8785b3dc5efa80a11f537","a0906077d04dbccf4fdcaa15f49f5d214bfdb2baf845126d44ff638f620681bf","ed247ff1b11bfd6601e690e5e9a4743988945f8c6f32b15c1a02d7ecfc9a16a123bd6fa4e3e891283b6ab9c641c4258a610dbefdfb26146f55d7354e66ac7199",""
"2024-08-10T19:35:46.891Z","","","Artifact","","malware-bazaar,exe","TLP:CLEAR","1bea7e416742e2e526a612a2e9c53070fd45e7e23af40849b3a26c4efde4d42d3b3c7bbe2e5ea0b7263a455619f15720f8f0198c9180afa6ab77bb9dcedfb7d1","","2024-08-10T19:35:55.305Z","","Uploaded to MalwareBazaar by Twitter user: SecuriteInfoCom.","","","2866eac975502e57765a4e620de791fa542526cf","039236385dbbebcfd36f70b32121bddc4b53085191d0616f21d0d3a086ec6518","1bea7e416742e2e526a612a2e9c53070fd45e7e23af40849b3a26c4efde4d42d3b3c7bbe2e5ea0b7263a455619f15720f8f0198c9180afa6ab77bb9dcedfb7d1",""
"2024-08-10T19:35:57.271Z","","","Artifact","","malware-bazaar,exe","TLP:CLEAR","35e9a2179a383b544dfc38410bf980f34f057d6c357cb16332f16aec4311c0bf1227e3d394f5b5c8ca96fe1d0e53aabdcb8172bd5622ee3e39d1461a0cb70daa","","2024-08-10T19:36:05.698Z","","Uploaded to MalwareBazaar by Twitter user: SecuriteInfoCom.","","","1ba76dcae8efd7c987b85e4cf13670a8cb13b356","1c6981858bb6bfdc80538a0b791238736cbe2f238d973b9b21c516af8c5315ae","35e9a2179a383b544dfc38410bf980f34f057d6c357cb16332f16aec4311c0bf1227e3d394f5b5c8ca96fe1d0e53aabdcb8172bd5622ee3e39d1461a0cb70daa",""
"2024-08-10T19:36:07.954Z","","","Artifact","","malware-bazaar,exe","TLP:CLEAR","78c4160d8805da928c04964663f574d1e688133ae365689c50e52498617fe54068c9654dc552ecc8de921e60eecac5f11e7eb4f5d1884934f1764f43d217aa3c","","2024-08-10T19:36:17.342Z","","Uploaded to MalwareBazaar by Twitter user: SecuriteInfoCom.","","","5c1f2b94c27c2f9ab0e8658cd39515d808753fe7","8fcda4651c49e239a7b11c537676cefeda02aed86c812ad85cb809c575c92af4","78c4160d8805da928c04964663f574d1e688133ae365689c50e52498617fe54068c9654dc552ecc8de921e60eecac5f11e7eb4f5d1884934f1764f43d217aa3c",""
"2024-08-10T19:36:18.788Z","","","Artifact","","malware-bazaar,exe","TLP:CLEAR","fb3a73833f93be2e579691f19aaa13b6b1ab2c4a0f532d5d60cb5b054cc5f38299d2843800dcc75a371719390fdf097247decaa50722976c9e8b9819e356da46","","2024-08-10T19:36:28.301Z","","Uploaded to MalwareBazaar by Twitter user: SecuriteInfoCom.","","","53a2ed0d0b38560461058c52aeef6bd1032f78e5","ec966333cd05aaa773d76001d184fe28c1fe7945ec942ec6912602b05b8df6ab","fb3a73833f93be2e579691f19aaa13b6b1ab2c4a0f532d5d60cb5b054cc5f38299d2843800dcc75a371719390fdf097247decaa50722976c9e8b9819e356da46",""
"2024-08-10T19:36:30.751Z","","","Artifact","","malware-bazaar,exe","TLP:CLEAR","332640a5559544e21c9c8266c184aa50fdd5ecbaf884053ac2ececc77bee1aed9805e8bc3d77e9df7cba5251b88189545fe5820c18ae45ef4be9337e68841039","","2024-08-10T19:36:40.399Z","","Uploaded to MalwareBazaar by Twitter user: SecuriteInfoCom.","","","987db40e5a4dc54010b67be4a7fede36b6cfd2e3","6da0ee31d31507a721e598a2fe4df6145a33fa176937a96baad0fc384de3873c","332640a5559544e21c9c8266c184aa50fdd5ecbaf884053ac2ececc77bee1aed9805e8bc3d77e9df7cba5251b88189545fe5820c18ae45ef4be9337e68841039",""
"2024-08-10T19:36:43.671Z","","","Artifact","","malware-bazaar,exe","TLP:CLEAR","401d70a7774cdde53d42abee593179e96eca83c4d5db0eeaf6d8491fb02018d6f7ce3c93ed00b32f36f47aa37e031c1f72445a3fe9eac186a81e175876ebca47","","2024-08-10T19:36:50.242Z","","Uploaded to MalwareBazaar by Twitter user: SecuriteInfoCom.","","","3553f0e44e812a38798fea106b0b081827713d6d","7518651b8d76be49723b20618d03479549e945c841435e49dae6fb9d0bba2ab3","401d70a7774cdde53d42abee593179e96eca83c4d5db0eeaf6d8491fb02018d6f7ce3c93ed00b32f36f47aa37e031c1f72445a3fe9eac186a81e175876ebca47",""
"2024-08-10T19:36:52.920Z","","","Artifact","","malware-bazaar,elf","TLP:CLEAR","62eb8457c26c26cc6587e633930cd6e67c3920102353838a45dae5b29e502282224363ffb325c2919ce54ce3b39705cacea4063cc4fe44b9e52d5be3ffdb516c","","2024-08-10T19:37:05.202Z","","Uploaded to MalwareBazaar by Twitter user: SecuriteInfoCom.","","","b4b7819d87a40cb00b88b42c55a7d5ea9683d535","f306016981d27e5b096e79d20ddc344bbbd74b2342d0f9f75d351a64ecb7c51f","62eb8457c26c26cc6587e633930cd6e67c3920102353838a45dae5b29e502282224363ffb325c2919ce54ce3b39705cacea4063cc4fe44b9e52d5be3ffdb516c",""
"2024-08-10T19:37:07.395Z","","","Artifact","","malware-bazaar,exe","TLP:CLEAR","022b3728053edf84ffbde95713e5d8d69d4de55f6f4ebf5b7b3890cea9e6b9ffb8addd8653cbc3e2e7e57e071ec56c4c1fe13fb4dd1e0869b6bbdba949a89a76","","2024-08-10T19:37:20.466Z","","Uploaded to MalwareBazaar by Twitter user: SecuriteInfoCom.","","","338b6c300d4a97d18f05f07ff8ee887863aa394d","f6f2daa5535ad52cf236f892f72c9ac3ed4f8e40198e950a77b2276cc3fa2b63","022b3728053edf84ffbde95713e5d8d69d4de55f6f4ebf5b7b3890cea9e6b9ffb8addd8653cbc3e2e7e57e071ec56c4c1fe13fb4dd1e0869b6bbdba949a89a76",""
"2024-08-10T19:37:22.949Z","","","Artifact","","malware-bazaar,exe","TLP:CLEAR","95594de47c468fa961fec1691b918779ff11f5cb3c67e34e43b89d2c920d0a68f8274f3d8b39e3244e85d135c016247a9c70daca850edad4b48a0349f1137fd4","","2024-08-10T19:37:36.680Z","","Uploaded to MalwareBazaar by Twitter user: SecuriteInfoCom.","","","c4f0dfddda2a82b59527679033319611fcf03b1c","08b9e027c1fb33cb4a45d14b1befc1a6e1b67a13502b6a626e90468901ced42b","95594de47c468fa961fec1691b918779ff11f5cb3c67e34e43b89d2c920d0a68f8274f3d8b39e3244e85d135c016247a9c70daca850edad4b48a0349f1137fd4",""
"2024-08-10T19:37:38.672Z","","","Artifact","","malware-bazaar,exe","TLP:CLEAR","a606b98555af14a74a0c7a6f1133cabf9af8d2c0ed7a9cd8ee79fb5f7a819616b4df9d132a35213a87fce4844b8e8f1528ef0907724264c3c6ac4d3fe1a4b7e8","","2024-08-10T19:37:55.514Z","","Uploaded to MalwareBazaar by Twitter user: SecuriteInfoCom.","","","5bfba9d8b9b077703d79f2eb792a41eb5a5afc3a","93cfdf1b7c664125036c9f35a81d5bf2c891f11ac5eeecf56467b0cd7e64553d","a606b98555af14a74a0c7a6f1133cabf9af8d2c0ed7a9cd8ee79fb5f7a819616b4df9d132a35213a87fce4844b8e8f1528ef0907724264c3c6ac4d3fe1a4b7e8",""
"2024-08-10T19:37:58.620Z","","","Artifact","","malware-bazaar,exe","TLP:CLEAR","522c2f20e676655d819d78d345ce620da8d1797e6b290b10aa658e1b91beebc86d2b4db5cf3d11ac69a4ec32e529248d0275927ea03a07db1581cd3c876b003b","","2024-08-10T19:38:12.299Z","","Uploaded to MalwareBazaar by Twitter user: SecuriteInfoCom.","","","2bfd65881be400d4aa409c4e523b6d6c6702daaf","a5728e04574fbb654584cb0b353852f50ccb28b969a47c93fae116411a165eaa","522c2f20e676655d819d78d345ce620da8d1797e6b290b10aa658e1b91beebc86d2b4db5cf3d11ac69a4ec32e529248d0275927ea03a07db1581cd3c876b003b",""
"2024-08-10T19:38:13.405Z","","","Artifact","","malware-bazaar,elf","TLP:CLEAR","a5387ab1c7a069a63a66c0b6b74967d77b70d28d0992ffb95427f7e8745f5f2f8750efe6062d4b84fcd58dc102a9a75f20b140b1143688efc591a558636b3fe8","","2024-08-10T19:38:22.722Z","","Uploaded to MalwareBazaar by Twitter user: SecuriteInfoCom.","","","25e281f32b5bcc11fc7894a9d40d974fd5ebf024","6d74090bf2b609fbce1ae0fafca93a5e6b2e223f1396682b4cdb72d023cef777","a5387ab1c7a069a63a66c0b6b74967d77b70d28d0992ffb95427f7e8745f5f2f8750efe6062d4b84fcd58dc102a9a75f20b140b1143688efc591a558636b3fe8",""
"2024-08-10T19:38:24.322Z","","","Artifact","","malware-bazaar,exe","TLP:CLEAR","c1485ecf554487e60d24b7f5391f962e498ca829499bbec2a136258aa856036dce7dd3c1c3066d1c6ba6945f03e574c72cc17b77d7ec53b0caf34de49025411b","","2024-08-10T19:38:32.890Z","","Uploaded to MalwareBazaar by Twitter user: SecuriteInfoCom.","","","4bd6f215328e380e305a3873298a07921893e18d","a798b5783271e848da0af7164c22bc048b122644d60257fbc146a8f98b3cc8b0","c1485ecf554487e60d24b7f5391f962e498ca829499bbec2a136258aa856036dce7dd3c1c3066d1c6ba6945f03e574c72cc17b77d7ec53b0caf34de49025411b",""
"2024-08-10T19:38:34.617Z","","","Artifact","","malware-bazaar,elf","TLP:CLEAR","911c64d707198f72e72770d4f1b303235befcdcbb72bdf5fb436a06dc9f9484cb45fda47dbc1242184c3108af653fc23b7b3afa858ff0b6db23024d98960ae30","","2024-08-10T19:38:45.255Z","","Uploaded to MalwareBazaar by Twitter user: SecuriteInfoCom.","","","e5af5f52fe71317deda7e266b5c1d4d1610f34da","cee25cc5b9582224d6bc20580fbfb9aecc21efbf673719d378172cb0756e5415","911c64d707198f72e72770d4f1b303235befcdcbb72bdf5fb436a06dc9f9484cb45fda47dbc1242184c3108af653fc23b7b3afa858ff0b6db23024d98960ae30",""
"2024-08-10T19:38:47.142Z","","","Artifact","","malware-bazaar,exe","TLP:CLEAR","2d821cf5e8c791ed4a43df18c811774a195bbcdfb6bbddec87a86d390c7770061a8083ad4d94232f7d94ef244c456c188c8e802af806e1c36e2eab2a1d8cee91","","2024-08-10T19:38:56.966Z","","Uploaded to MalwareBazaar by Twitter user: SecuriteInfoCom.","","","ff92d4608a2123942b1e58b54ab43bf3a3e2e791","71af05fc84a330eb9e24683764dc30d7e51cb16e4ba4aa05cd4b279ed611621c","2d821cf5e8c791ed4a43df18c811774a195bbcdfb6bbddec87a86d390c7770061a8083ad4d94232f7d94ef244c456c188c8e802af806e1c36e2eab2a1d8cee91",""
"2024-08-10T19:38:58.795Z","","","Artifact","","malware-bazaar,exe","TLP:CLEAR","427bc2243200d991afde28d5ff64070ad79c426da54d3dd7de2651a9fe9ba365f464396beb004790e19200b1cc54f5fc4549583c51dbc223d4827c3d8b93926d","","2024-08-10T19:39:06.918Z","","Uploaded to MalwareBazaar by Twitter user: SecuriteInfoCom.","","","6704ed731529f056c677fcef9f32831b195e8e03","9b74671e34b59f5a7244fde4fe7ae854fd2c580348e3b572a451a090040c0bf6","427bc2243200d991afde28d5ff64070ad79c426da54d3dd7de2651a9fe9ba365f464396beb004790e19200b1cc54f5fc4549583c51dbc223d4827c3d8b93926d",""
"2024-08-10T19:39:08.744Z","","","Artifact","","malware-bazaar,elf","TLP:CLEAR","b1b8415f7cf7e01dd8e70ec0e266639f11af24dfed5f43d5982e6709f11c14190e0695fee6a2dc8fe945856e527b84f44fa3a6fc57d2fcf58e89e091122fa21d","","2024-08-10T19:39:19.063Z","","Uploaded to MalwareBazaar by Twitter user: SecuriteInfoCom.","","","dd1f995267ff71d598a561349665a857a96ed504","3f5f7e7b3ad3e4ea9604e5136606b11ace40d851fac54902187c60c44b4eb419","b1b8415f7cf7e01dd8e70ec0e266639f11af24dfed5f43d5982e6709f11c14190e0695fee6a2dc8fe945856e527b84f44fa3a6fc57d2fcf58e89e091122fa21d",""
"2024-08-10T19:39:21.072Z","","","Artifact","","malware-bazaar,exe","TLP:CLEAR","01f49a3156eaa7164f3ca734cfaa9b0f5ffc8314a99da8f8153f46cd03fa222071b54a240fe919d5100417faa150c1ce65a36cff18f71eda3b107831427ddc9c","","2024-08-10T19:39:30.010Z","","Uploaded to MalwareBazaar by Twitter user: SecuriteInfoCom.","","","4a454f0a353108b36235c1bd08873d6d70c6b19b","1c0496fc5f9982fefdcc19eef7de066645738382be838574ae262d2b565a3063","01f49a3156eaa7164f3ca734cfaa9b0f5ffc8314a99da8f8153f46cd03fa222071b54a240fe919d5100417faa150c1ce65a36cff18f71eda3b107831427ddc9c",""
"2024-08-10T19:39:33.660Z","","","Artifact","","malware-bazaar,exe","TLP:CLEAR","29c26be64babc43f31ce18cc4b48f6507ae0031a5c6148af856b417d44d9ff06bb13f4d48b27631363e8acd4081935cf5eceb238702383d1ef354cb8a8a72e29","","2024-08-10T19:39:43.014Z","","Uploaded to MalwareBazaar by Twitter user: SecuriteInfoCom.","","","77ea756ea82de5f9d33a120c7821e3519eea659b","c2707866f66085bbcd80fbe5b61431fac009fc744587b4704332a66795935eb2","29c26be64babc43f31ce18cc4b48f6507ae0031a5c6148af856b417d44d9ff06bb13f4d48b27631363e8acd4081935cf5eceb238702383d1ef354cb8a8a72e29",""
"2024-08-10T19:39:45.640Z","","","Artifact","","malware-bazaar,exe","TLP:CLEAR","cff16ffa5f383f3fcf9860116e3bab37d81ed3778d0c3f3aba3e474119317453aa8df8fb62abb6ff9a01018d18bcac3902a47aac68bf6bd558dbb505d7e31076","","2024-08-10T19:39:54.235Z","","Uploaded to MalwareBazaar by Twitter user: SecuriteInfoCom.","","","6f6c5875c6f9c48a53704814047d4b077c46b936","2ad1af512c70ed61705b9e74a815ba42026da3847f3d720a70e34ab8b1f254c3","cff16ffa5f383f3fcf9860116e3bab37d81ed3778d0c3f3aba3e474119317453aa8df8fb62abb6ff9a01018d18bcac3902a47aac68bf6bd558dbb505d7e31076",""
"2024-08-10T19:39:55.675Z","","","Artifact","","malware-bazaar,elf","TLP:CLEAR","4917d09940d6e7ef97f147b9f57351695219d283338712a741bc380e96224096d16ebb855605ec547a206efedab6ea7c027b6ec36606c7a89ad073cfdaa6fe14","","2024-08-10T19:40:04.208Z","","Uploaded to MalwareBazaar by Twitter user: SecuriteInfoCom.","","","b2705fedb04a857481325e2a02a62d32a3202ea9","1d36ae5f342fefc03965e7cc0733762182648f958c4b5b8503765ce9ce5fcffc","4917d09940d6e7ef97f147b9f57351695219d283338712a741bc380e96224096d16ebb855605ec547a206efedab6ea7c027b6ec36606c7a89ad073cfdaa6fe14",""
"2024-08-10T19:40:06.875Z","","","Artifact","","malware-bazaar,exe","TLP:CLEAR","ba17d8702f5cfe7e4376421eb8a34c1971b0abfa7acdf87cd8ffb3e928e9611f3adcdb3516c3805b08658b005b8054bb32ced63016eddfc9100b5b97ed820053","","2024-08-10T19:40:19.169Z","","Uploaded to MalwareBazaar by Twitter user: SecuriteInfoCom.","","","a5b4cc65e88dccaa7b84b122b5de1764ca03b12b","0f29ae23f23cdb8eb08a0ebbbf9242e36477474ad508a915d2e3c25078dff75d","ba17d8702f5cfe7e4376421eb8a34c1971b0abfa7acdf87cd8ffb3e928e9611f3adcdb3516c3805b08658b005b8054bb32ced63016eddfc9100b5b97ed820053",""
"2024-08-10T19:40:21.254Z","","","Artifact","","malware-bazaar,exe","TLP:CLEAR","c28e32354cf001971741116037704ef1e1af047ac873adb7b1734a38e55ff45250b6ad325d00c9a0823b081dc07c3f6eb54c2addf1f3b76a9e31a6d208ece1b1","","2024-08-10T19:40:29.876Z","","Uploaded to MalwareBazaar by Twitter user: SecuriteInfoCom.","","","58865afb9cbf97c018ba449728269de1ee4201aa","4f464533c92ec3544e089e2675243b809d21358d3e00964a409458ae3913073e","c28e32354cf001971741116037704ef1e1af047ac873adb7b1734a38e55ff45250b6ad325d00c9a0823b081dc07c3f6eb54c2addf1f3b76a9e31a6d208ece1b1",""
"2024-08-10T19:40:31.169Z","","","Artifact","","malware-bazaar,amadey,exe","TLP:CLEAR","51f2c127c5b0aac481ed5fa9a6b4f8f391c78b7c80369311cd23d4cbdc556ecd61d295f740d336f9021f67e6fb08cead05c1e39725e6d1a0f73fcd58e057dba4","","2024-08-10T19:40:42.862Z","","Uploaded to MalwareBazaar by Twitter user: SecuriteInfoCom.","","","12c0235513521a20766d659b5a46e744144f1f1d","08ee504fa2b44c1152b8bc2e345b9394bc3393261f10651bcf98313f4a1b762e","51f2c127c5b0aac481ed5fa9a6b4f8f391c78b7c80369311cd23d4cbdc556ecd61d295f740d336f9021f67e6fb08cead05c1e39725e6d1a0f73fcd58e057dba4",""
"2024-08-10T19:40:46.592Z","","","Artifact","","malware-bazaar,exe","TLP:CLEAR","ec2a7f35b35b57e9690a0c27df64e8aca4f8349821e89e86033bcb9381851f6f1083ce5544ce7e3541cac11432168728d378ced3a4f07e5f47517cb929d41436","","2024-08-10T19:40:55.540Z","","Uploaded to MalwareBazaar by Twitter user: SecuriteInfoCom.","","","afe8a420e8e1ea6d06a4a46b217411f9d51044c3","16ab80de994e7725b290c75ba04cd1c573f4ff27dceeddac383feef68e8619d6","ec2a7f35b35b57e9690a0c27df64e8aca4f8349821e89e86033bcb9381851f6f1083ce5544ce7e3541cac11432168728d378ced3a4f07e5f47517cb929d41436",""
"2024-08-10T19:40:58.233Z","","","Artifact","","malware-bazaar,exe","TLP:CLEAR","59ee3827fdf6e1c83fa56ceec7d00eaca0763fb0d7932f2ca692bbe4577220d1bc1c93c6c50929d7b5e313bca921506702970c785df6a3130c290f293c375c4f","","2024-08-10T19:41:07.497Z","","Uploaded to MalwareBazaar by Twitter user: SecuriteInfoCom.","","","3e5423ef160ae349bce18aa133c4535d973cf267","04bf9303bcb11032a3e803ad4d11231b5ab6913edf38d58ea03f47180510550b","59ee3827fdf6e1c83fa56ceec7d00eaca0763fb0d7932f2ca692bbe4577220d1bc1c93c6c50929d7b5e313bca921506702970c785df6a3130c290f293c375c4f",""
"2024-08-10T19:41:09.854Z","","","Artifact","","malware-bazaar,exe","TLP:CLEAR","133b4bb238a7e8b48535a10a57dd51799af81d3138dda27f6c4b8fc5f4acd3878747495183c645781bf2886cd2ab457b8d4114d688875070c7cf3c9b2b09c853","","2024-08-10T19:41:16.864Z","","Uploaded to MalwareBazaar by Twitter user: SecuriteInfoCom.","","","20618085134ab0588dbb3e0c5942807bda002b48","f530cb1156c4a1cacb373789ff9820eea1fc8016dc1afb501dc9373904b3e37b","133b4bb238a7e8b48535a10a57dd51799af81d3138dda27f6c4b8fc5f4acd3878747495183c645781bf2886cd2ab457b8d4114d688875070c7cf3c9b2b09c853",""
"2024-08-10T19:46:55.981Z","","","Artifact","","malware-bazaar,exe,lumma","TLP:CLEAR","e61ce6ef279f37baea5c24be12f52176f75580d51388fba5b58d7eace6cacdbd55d161df866928d743d6d2ce0a241d02213d63a44469de26a0800c36d6500f4e","","2024-08-10T19:47:12.524Z","","Uploaded to MalwareBazaar by Twitter user: SebastianP46841.","","","777a4068c7f128bf44b70490b0758b39474b7f78","f5b4e049e0e73e4a513b9217d601f73b035472b0957d1e50d9bac51601e0d698","e61ce6ef279f37baea5c24be12f52176f75580d51388fba5b58d7eace6cacdbd55d161df866928d743d6d2ce0a241d02213d63a44469de26a0800c36d6500f4e",""
"2024-08-10T20:09:02.687Z","","","Artifact","","malware-bazaar,exe","TLP:CLEAR","4883ae24025d8f53425f1db353bbbaa74a8ec40117811d0b2158a4c82d734ebf7a994a7faae6b43056b9771cb0610d73f2c80fb3dbd8a073b09d4d5ee023e02d","","2024-08-10T20:09:19.004Z","","Uploaded to MalwareBazaar by Twitter user: SebastianP46841.","","","61b923ebb90a2252b9c01ddf6bd742732e05c4ac","405837411f10b2c13b55122c9b0823fc2885d50ef8590c5b86ede1d69556ef44","4883ae24025d8f53425f1db353bbbaa74a8ec40117811d0b2158a4c82d734ebf7a994a7faae6b43056b9771cb0610d73f2c80fb3dbd8a073b09d4d5ee023e02d",""
"2024-08-10T20:30:01.923Z","","","Artifact","","malware-bazaar,exe","TLP:CLEAR","67d946e888e8d658faa54a7d68520aa997d14b62fc42fbffefc0ebf323525d727c518a85d72220530f4bcf9c7bf07d0ee156130318adc3e1ba745c59a4efbd1d","","2024-08-10T20:30:46.168Z","","Uploaded to MalwareBazaar by Twitter user: SecuriteInfoCom.","","","730dba638a2234556165975b6f5e6e9159df81ad","96dbfccd2411d15576c148fdd3e0cd6791e7c6addb8ac3a85e7a17c2eb2a71c8","67d946e888e8d658faa54a7d68520aa997d14b62fc42fbffefc0ebf323525d727c518a85d72220530f4bcf9c7bf07d0ee156130318adc3e1ba745c59a4efbd1d",""
