md5,sha1,sha256,score,description,name,additional_names,created_at
,,e324a8610a88851268b08b26a4447d1c8478dba3cd9a7799047c370483a02f14,15,TWEETFEED IOC e324a8610a88851268b08b26a4447d1c8478dba3cd9a7799047c370483a02f14,,,2024-05-03T14:59:44.204Z
,,72ac462f5b55945fe3ea846185b6790cf5c9eb4a6aa1c2ba4db20e7899a36673,15,TWEETFEED IOC 72ac462f5b55945fe3ea846185b6790cf5c9eb4a6aa1c2ba4db20e7899a36673,,,2024-05-03T14:59:36.324Z
,,1e3ce93937e0869f693814bf490b6c2cf4a43780eff43b9cf949396fa0367c8b,15,TWEETFEED IOC 1e3ce93937e0869f693814bf490b6c2cf4a43780eff43b9cf949396fa0367c8b,,,2024-05-03T14:59:35.229Z
,,89519e0781069bf5e0134531da6a7a573775ae8d8e89f0239bf4def691b17c00,15,TWEETFEED IOC 89519e0781069bf5e0134531da6a7a573775ae8d8e89f0239bf4def691b17c00,,,2024-05-03T14:59:33.452Z
,,2df2d97f271ccf6d1f16a9cef3c895f4f7dcc0c21fade2e3a693b7c65c7fe5cf,15,TWEETFEED IOC 2df2d97f271ccf6d1f16a9cef3c895f4f7dcc0c21fade2e3a693b7c65c7fe5cf,,,2024-05-03T14:59:31.102Z
,,ca4499d0b0cf900635bab1242b84bc987490e3085bcbbff3b7a6648762d68fdd,15,TWEETFEED IOC ca4499d0b0cf900635bab1242b84bc987490e3085bcbbff3b7a6648762d68fdd,,,2024-05-03T14:59:29.653Z
,,c288a7f4be771dcaac9f089452a7934773c497b43b288fee54b14be0bb414190,15,TWEETFEED IOC c288a7f4be771dcaac9f089452a7934773c497b43b288fee54b14be0bb414190,,,2024-05-03T14:58:59.764Z
,,e78d9a6cd94bd8ec3095a0ecbbc9c4add78d3281d2bf46497164d0406c346395,,,,,2024-05-03T13:58:05.312Z
,,cc952950a73909a655044dbb87f85f66d44d1d4e3a1e096777bbc938a62bd080,,,,,2024-05-03T13:57:59.181Z
,,ffc133ea83deac94bce5db1a420257304931e6d3cfb82c6d9e50a2a98f43d310,,,,,2024-05-03T13:57:55.724Z
,,309e9ed455466502f93ba06c2a537e92b92598bd0ac52f57518b8ce76e6d5d41,,,,,2024-05-03T13:57:48.825Z
,,804d8dc4eee0b9e1d5709d79f2fe1d7f39f3e5d87d10ff9cb7149bd570f0ae96,,,,,2024-05-03T13:57:44.456Z
,,2fb2b9c91ed2da4a80190f15d0b62bd5c0c1708dbcac52f7b4b8b0f5fb43cd17,,,,,2024-05-03T13:57:38.690Z
,,2d705f0b76f24a18e08163db2f187140ee9f03e43697a9ea0d840c829692d43c,,,,,2024-05-03T13:57:32.667Z
,,5c2a6b11d876c5bad520ff9e79be44dfbb05ee6a6ff300e8427deab35085bef6,,,,,2024-05-03T13:57:10.116Z
,,b7f8039be295381f9286c6fe060c84414b6cb14d95d1075c2ac53f5315a0093a,,,,,2024-05-03T13:57:04.900Z
,,4209e56dfa7216c279aa14d78bf05c5875e12dc39a8a920d3ca33422cc92dcfe,,,,,2024-05-03T13:57:01.751Z
,,1c2402cb3f4d14df715e7b0d7817254471a4929d20d1f7905b61a3d613e4288a,,,,,2024-05-03T13:56:58.099Z
,,5d971ed3947597fbb7e51d806647b37d64d9fe915b35c7c9eaf79a37b82dab90,,,,,2024-05-03T13:56:41.216Z
,,998788472cb1502c03675a15a9f09b12f3877a5aeb687f891458a414b8e0d66c,,,,,2024-05-03T13:22:39.662Z
,,6a0449a0b92dc1b17da219492487de824e86a25284f21e6e3af056fe3f4c4ec0,,,,,2024-05-03T13:22:34.712Z
,,bdf3d5f4f1b7c90dfc526340e917da9e188f04238e772049b2a97b4f88f711e3,,,,,2024-05-03T13:22:30.173Z
,,2e52494e776be6433c89d5853f02b536f7da56e94bbe86ae4cc782f85bed2c4b,,,,,2024-05-03T13:22:21.523Z
,,8a84dc2a9a06b1fae0dd16765509f88f6f54559c36d4353fd040d02d4563f703,,,,,2024-05-03T13:22:10.131Z
,,04b2309d33e4d2ab06e2d98fe5ec02830a9f85a04ed3cf481b00ebd5443bdec9,,,,,2024-05-03T13:22:04.443Z
,,ee6fe7f885550af73a6df745d983e16c327ca3253067036744870db17a0c3437,,,,,2024-05-03T13:21:56.131Z
,,24b89e36e12166f613edb61909d1192dbd918c2eac45d3a75a588ec24a4e2a36,,,,,2024-05-03T13:21:52.558Z
,,d69ff15cff8bd25698d8bb33de044c34353d74ef801338ee3e67e7d7524f8078,,,,,2024-05-03T13:21:48.801Z
,,0fe1248ecab199bee383cef69f2de77d33b269ad1664127b366a4e745b1199c8,,,,,2024-05-03T13:21:40.342Z
,,f321685342fa373c33eb9479176a086a1c56c90a1826a0aef3450809ffc01e5d,,,,,2024-05-03T13:21:34.491Z
,,d596acc70426a16760a2b2cc78ca2cc65c5a23bb79316627c0b2e16489bf86c0,,,,,2024-05-03T13:21:32.135Z
,,e9e2e84ed423bfc8e82eb434cede5c9568ab44e7af410a85e5d5eb24b1e622e3,,,,,2024-05-03T13:21:26.190Z
,,6e21e42cfb93fc2ab77678b040dc673b88af31d78fafe91700c7241337fc5db2,,,,,2024-05-03T13:21:17.347Z
,,ca607e431062ee49a21d69d722750e5edbd8ffabcb54fa92b231814101756041,,,,,2024-05-03T13:21:12.256Z
,,6cf101a169d35d000f2bdbf36e8f833995d8b4b9f1d17cf4f0ac204167fa9267,,,,,2024-05-03T13:21:08.091Z
,,e9687f668601bb865da0e16de7e03bb3d723ca5d109183987fc263a99ff3fe2a,,,,,2024-05-03T13:21:03.598Z
,,b4f90cff1e3900a3906c3b74f307498760462d719c31d008fc01937f5400fb85,,,,,2024-05-03T13:20:58.929Z
,,2e62d6c47c00458da9338c990b095594eceb3994bf96812c329f8326041208e8,,,,,2024-05-03T13:20:55.590Z
,,753dc7cd036bdbac772a90fb3478b3ccf22bec70ee4bd2f55dec2041e9482017,,,,,2024-05-03T13:20:50.437Z
,,4b0cc15b24e38ec14e6d044583992626dd8c72a4255b9614be46b1b4eefa41d7,,,,,2024-05-03T13:20:44.631Z
,,bd92ce74844b1ddfdd1b61eac86abe7140d38eedf9c1b06fb7fbf446f6830391,,,,,2024-05-03T13:20:42.088Z
,,b794ce9e7291fe822b0e1f1804bd5a9a2efc304a1e2870699c60ef5083c7bac2,,,,,2024-05-03T13:20:38.356Z
,,2acf2bc72a2095a29bb4c02e3cd95d12e3b4f59d2e7391d9bcbba9f3142b40ae,,,,,2024-05-03T13:20:35.325Z
,,b4da8f72ecb5a0b4bfcb7a0cb999bb25ac125aa4431f618b9e6ad3dd0c9fa3d1,,,,,2024-05-03T13:20:30.377Z
,,2d94d605bc2753108b548f1fba69a51e7457ee0ef6046705a7c7d7bab960bfb0,,,,,2024-05-03T13:20:25.111Z
,,da7f7a47665c6a97b209b85e1301ce9b950a994038236719d2a989443e6a290f,,,,,2024-05-03T13:20:20.170Z
,,8ef289d261d88b29a7dae2c6b2975ee1c920945ce4b2fb44dec464ec0df4d9d8,,,,,2024-05-03T13:20:14.578Z
,,fbab06ea971319bedc944bb06af6c8b042fa47c5016e01325727b536ff628c34,,,,,2024-05-03T13:20:10.513Z
,,c932cd4a230ae880cb67866297b009802b02964b48879135cbd946de08b9f63d,,,,,2024-05-03T13:20:07.213Z
,,5fad60aaf198a99a1f0c0bc166223de70744002174aff822afcca170f906a361,,,,,2024-05-03T13:20:05.197Z
,,b3add383044bd0cf6dabc95067778f4a50dea59f505a6b1a0edeb03c618f9f58,,,,,2024-05-03T13:20:02.667Z
,,98efeba5f57e92205961c186a9d6babe308c0b2ebacfc14373e88cdc44214248,,,,,2024-05-03T13:19:59.330Z
,,35cdfa13abc595199baf9e9845d8ac180fff4ac72c0217f1c1dd67d4f2fdd342,,,,,2024-05-03T13:19:56.366Z
,,52c85bca6673f3e3b5904435c942b398f4fa9c451edb7e8d4c50f566b32d3eb8,,,,,2024-05-03T13:19:52.820Z
,,c9e2cd9c6edb58112306407505a897d1a574775f68814ddfde79812216663058,,,,,2024-05-03T13:19:50.250Z
,,c1c4a882d945b8b422c30173e6d6aff061f1b52e3bcdad753899c0442adc329b,,,,,2024-05-03T13:19:47.599Z
,,08027d4aa4735819bf45ea3d7a58dc8255013064c8f6f326351a26057d74bab2,,,,,2024-05-03T13:19:45.354Z
,,eb25abb33cadec111ca260d7a23e89543a5f3538ba79a152fcb9d857ad11abfc,,,,,2024-05-03T13:19:42.336Z
,,cdbed879b2c7a18503cc145d0c26164c9638444f72e190ea2782d2f7529329e5,,,,,2024-05-03T13:19:38.168Z
,,32311b3bdf001e4cbdcf8774517d4e0446b0793ec5a4dab17100b0eb8dba7cc4,,,,,2024-05-03T13:19:35.720Z
,,4af15843de9d88fb3f08daf2b3b40c0ed6c4c0d18108003d0ba8986e76e47877,,,,,2024-05-03T13:19:31.534Z
,,c59142916797d7b6f43bc27653791ce88c1f143ffe56554d7c0a1b81291dc2df,,,,,2024-05-03T13:19:27.940Z
,,3aadf0bb0e3243c36fee2f99ccf4580f7acccece49e4fe47ea85a2a0e9b9fdfa,,,,,2024-05-03T13:19:20.559Z
,,f81f13473ae5e5194475112a02562f7fa0b43369dd99194e106214f8deb8c664,,,,,2024-05-03T13:19:16.052Z
,,d92f0caeb04559731f274c953bb1536ccd269efeab050382494b75741ca95e22,,,,,2024-05-03T13:19:13.689Z
,,c8542ddbb17e0353c30cb68372d61ddf56def41adc8cfb41940c8f0e603c9ae3,,,,,2024-05-03T13:19:08.208Z
,,e3a4120c1f2ec3d430ad95f567179280d657739dd906053d0e9b6d45d59ffa93,,,,,2024-05-03T13:19:02.229Z
,,e07db6bb1a7535ce09981294d18e7ac614c276320bd9e2432236c6dfc7460c48,,,,,2024-05-03T13:18:55.427Z
,,840e001bb131ff4e926ed83fe85d7d280b612bef2db5615bbf6811b8855f3ebd,,,,,2024-05-03T13:18:49.249Z
,,c02cb27fee760a29d990cecfb029b64aa2abbc349fa2a9c17b2438add3af4da0,,,,,2024-05-03T13:18:44.733Z
,,5879826aba827b869cac9d11a36445736816f576f0b229dfbd2acc4d09948d56,,,,,2024-05-03T13:18:35.357Z
,,3ceceb87e2330a7795e521b4648459b286b0f4a764e540fd937b2793ee7b618a,,,,,2024-05-03T13:18:30.263Z
,,6163a3ca3be7c3b6e8449722f316be66079207e493830c1cf4e114128f4fb6a4,,,,,2024-05-03T13:18:26.210Z
,,b277fb8b666f8b5c179ddac940fad90a3e38b23170931e1226dd1676404dbfec,,,,,2024-05-03T13:18:20.906Z
,,34844e329566572e8ad64a17347a0d842193b42a4dceea2830d8a9722485576b,,,,,2024-05-03T13:18:17.364Z
,,7594bf1d87d35b489545e283ef1785bb2e04637cc1ff1aca9b666dde70528e2b,,,,,2024-05-03T13:18:13.315Z
,,e5f6fbeb3981c9dfa126dc0a71a0aa41b56a09a89228659a7ea5f32aff4b2058,,,,,2024-05-03T13:18:08.972Z
,,74ed87ca277f5b9651ca32d865266389bfae74597f17b2b199382504ee1d7fac,,,,,2024-05-03T13:18:01.669Z
,,2b03806939d1171f063ba8d14c3b10622edb5732e4f78dc4fe3eac98b56e5d46,,,,,2024-05-03T13:17:56.312Z
,,8c56679d5f3c4ea676da0d8f2b1f77f59102700f0641b30f210183ded0dcabe8,,,,,2024-05-03T13:17:51.418Z
,,f18de35790254753dffc272d4e5e35b221185f2e300f25a75f636077c1ecc173,,,,,2024-05-03T13:17:45.602Z
,,bd8b1bd06817772af89d93a1789d5df13e15136e53a6af60be0900986c56234f,,,,,2024-05-03T13:17:41.759Z
,,af0292e4de92032ede613dc69373de7f5a182d9cbba1ed49f589ef484ad1ee3e,,,,,2024-05-03T13:17:37.270Z
,,a8b914df166fd0c94106f004e8ca0ca80a36c6f2623f87a4e9afe7d86b5b2e3a,,,,,2024-05-03T13:17:34.107Z
,,a0b07c09e5785098e6b660f93097f931a60b710e1cf16ac554f10476084bffcb,,,,,2024-05-03T13:17:28.031Z
,,5d1705f02cde12c27b85a0104cd76a39994733a75fa6e1e5b014565ad63e7bc3,,,,,2024-05-03T13:17:20.961Z
,,a635076489cec7ebd21f6258434beb22d95ad4160ca82f869220cdf332902bd3,,,,,2024-05-03T13:04:46.580Z
,,fcccc611730474775ff1cfd4c60481deef586f01191348b07d7a143d174a07b0,,,,,2024-05-03T13:04:42.356Z
,,32cc2c6ac6b62fd1f684910a4c8aa5c695215f911624f7f6a9d5bffbf1397074,,,,,2024-05-03T13:04:38.011Z
,,723d804cfc334cad788f86c39c7fb58b42f452a72191f7f39400cf05d980b4f3,,,,,2024-05-03T13:04:34.951Z
,,19d8ba687b300e15df8e81029c4466bfb1f09a7f3e7fd86800ba639de03def2e,,,,,2024-05-03T13:04:32.518Z
,,a7821a2cb307587a0b8514e24458b5b307260c9af035c0abd2e3c10d6e1a910c,,,,,2024-05-03T13:04:29.702Z
,,1c0cf69bce6fb6ec59be3044d35d3a130acddbbf9288d7bc58b7bb87c0a4fb97,,,,,2024-05-03T13:04:26.058Z
,,2bc5ce39dd9afe2157448d3f6d8cb9c549ed39543d159616e38480b9e6c11c49,,,,,2024-05-03T13:04:22.089Z
,,998632dced5b6f714a7eaf2bd6fee8c0ce4c4b5377fbeed626bd2ec2d27e7ecc,,,,,2024-05-03T13:04:17.776Z
,,74e1e83ac69e45a3bee78ac2fac00f9e897f281ea75ed179737e9b6fe39971e3,,,,,2024-05-03T13:04:14.324Z
,,9ad0facc5852a612435fae904bd67b345998a87a6e4941e3f244be6c9a12f8d3,,,,,2024-05-03T13:04:11.928Z
,,93d33626886e97abf4087f5445b2a02738ea21d8624b3f015625cd646e9d986e,,,,,2024-05-03T13:04:09.014Z
,,7af30d3c192f3fb85e1cadbf5c01f049f11eb036ca8107abb3451ffa0cc218b7,,,,,2024-05-03T13:04:06.350Z
,,ec46e04df901d7ec76ff1ad9ad6ceb54f8c2ad5e3597173365e094c5602e0049,,,,,2024-05-03T13:04:03.201Z
,,6dc98a3c771f9f20d099e2d64995564dd083be9ac6ed9586a6e57c20ebd4176c,,,,,2024-05-03T13:04:00.537Z
,,bfff1dc04e57141fb9e42260ef6e1e11e0a24d077574820d1e1e69bc4cc34e3b,,,,,2024-05-03T13:03:57.773Z
,,0ff134057a8b2e31b148fedfdd185f5b1a512149499a8c5c0915cf10b10a613e,,,,,2024-05-03T13:03:56.563Z
,,6b46e36245b5b9ed13c0fbfae730b49c04aba43b98deb75e388e03695ff5cbd1,,,,,2024-05-03T13:03:55.014Z
,,11cf93ad7c1bd1dcd2fb06a4a36004e77fb0b226a4432953e9a5d6fffd8d489b,,,,,2024-05-03T13:03:52.179Z
,,930b7a798e3279b7460e30ce2f3a2deccbc252f3ca213cb022f5b7e6a25a0867,,,,,2024-05-03T13:03:50.733Z
,,de0eb2e4261335e89eb915b67cc556c5acee5b305de896aec018506f2b55670c,,,,,2024-05-03T13:03:47.801Z
,,071f2d1c4c2201ee95ffe2aa965000f5f615a11a12d345e33b9fb060e5597740,,,,,2024-05-03T13:03:44.670Z
,,b97d4f8170c8accd31fed9655f95441eddf043bc070f283ab2bd1d0e4d0450fb,,,,,2024-05-03T13:03:42.800Z
,,a96dd2623eeafda1535726735f40140fbc1794d5f979f0e408d1d958ed24b35f,,,,,2024-05-03T13:03:39.109Z
,,9c89776d100ecb57dc84742b433c7d7d0eca291f523cc662c94e2582c1a476f4,,,,,2024-05-03T13:03:35.958Z
,,0cc524786c0e7e9e292a66a8dff3c17f7d6796941f706315ccfba3165a54a293,,,,,2024-05-03T13:03:25.542Z
,,aee97881d3e45ba0cae91f471db78aded16bcff1468d9e66edf9d3c0223d238f,,,,,2024-05-03T13:03:17.228Z
,,6d2f5675630d0dae65a796ac624fb90f42f35fbe5dec2ec8f4adce5ebfaabf75,,,,,2024-05-03T13:03:07.922Z
,,bc2c8cc9896cdd5816509f43cb5dca7433198251d754a997a70db7e8ed5cca40,,,,,2024-05-03T13:03:01.971Z
,,a26df4f62ada084a596bf0f603691bc9c02024be98abec4a9872f0ff0085f940,,,,,2024-05-03T13:02:57.212Z
,,c58b7f7d1a07533760e6e1c92ca33475c03657544b9987535b58d548372beb2a,,,,,2024-05-03T13:02:51.893Z
,,2d4a73e3701d7fc4878e6c88f80773d25ccfb7cde036cc91bab3551fb4dce604,,,,,2024-05-03T13:02:46.782Z
,,2ddb2030ab3373b9438102b541aa4623b7dfee972850dcef05742ecbe8982e22,,,,,2024-05-03T13:02:42.733Z
,,2bd13d63797864a70b775bd1994016f5052dc8fd1fd83ce1c13234b5d304330d,,,,,2024-05-03T13:02:39.858Z
,,5443ee54a532846da3182630e2bb031f54825025700bcd5f0e34802e7345c7b2,,,,,2024-05-03T13:02:36.622Z
,,203c924cd274d052e8e95246d31bd168f3d8a0700a774c98eff882c8b8399a2f,,,,,2024-05-03T13:02:32.828Z
,,a5c75f4d882336c670f48f15bf3b3cc3dfe73dba7df36510db0a7c1826d29161,,,,,2024-05-03T13:02:29.963Z
,,eec3f761f7eabe9ed569f39e896be24c9bbb8861b15dbde1b3d539505cd9dd8d,,,,,2024-05-03T13:02:25.984Z
,,5ff635c90ed17ac58796ae278ed00db652fafc65a4720baa572333dbc9b876ed,,,,,2024-05-03T13:02:20.374Z
,,006ae41910887f0811a3ba2868ef9576bbd265216554850112319af878f06e55,,,,,2024-05-03T13:02:10.914Z
,,bcd37f1d625772c162350e5383903fe8dbed341ebf0dc38035be5078624c039e,,,,,2024-05-03T13:02:03.868Z
,,863a9199decf36895d5d7d148ce9fd622e825f393d7ebe7591b4d37ef3f5f677,,,,,2024-05-03T13:02:00.428Z
,,6aad1408a72e7adc88c2e60631a6eee3d77f18a70e4eee868623588612efdd31,,,,,2024-05-03T13:01:57.268Z
,,790efdc9e4f55d42d2ba48e290d1c21b929187620a26231ab7abd089d334407a,,,,,2024-05-03T13:01:51.940Z
,,a42053e07085a44d7215049b520ec4c144665372c13bc6afe5ad1bf8a97fb18a,,,,,2024-05-03T13:01:47.646Z
,,bc3a1edcbd2dfaaf3e4c7b7f4764acaeb5cf3feac4855484471951212ed9c1ca,,,,,2024-05-03T13:01:43.517Z
,,5e252840c48a6c94c83e9e2da3e09b88c58f58f44f126a55e7068167676b6477,,,,,2024-05-03T13:01:36.255Z
,,4cbd4bb651dc324b52fdca5242cf5d724558310537097fe52fc7553010c6dd4f,,,,,2024-05-03T13:01:30.598Z
,,addde4ed2f89d8eee24896ec95f17844c55124a83f14f0ec973c463c86a0cb72,,,,,2024-05-03T13:01:25.305Z
,,1a4a9f42c13e1928b907a03e1b50588800f8340d9335afe894a426629348aca8,,,,,2024-05-03T13:01:15.942Z
,,152109806af8d2bbf9e945b81fbdf49d7168dcff1b4d454ec65a42c87ebd60ac,,,,,2024-05-03T13:01:06.260Z
,,6826d875a0ef9ae9bf012098a7fc2e5cf2c96f371777692486640f433475f6c1,,,,,2024-05-03T13:01:00.183Z
,,43483385f68ad88901031ce226df45b217e8ba555916123ab92f63a97aef1d0e,,,,,2024-05-03T13:00:54.853Z
,,42a1105249657e854dd278966b058850c4b4689d6baa746119a6d5092a7e6aba,,,,,2024-05-03T13:00:49.900Z
,,860174a68f548ebd9f52734f590b3479ee549545e2a2b663cd837c559e15d1a6,,,,,2024-05-03T13:00:47.538Z
,,4ff96e470d162acabad0942c959aaa26498b20aa3d70cc80173bf87d96e61eeb,,,,,2024-05-03T13:00:44.456Z
,,c4baf7439c91bc53b06dc753a8d17ac10ef25bb582939934b50fe9799a265655,,,,,2024-05-03T13:00:41.909Z
,,e5ae5baa840aa9f70c3adf637c77e3da871f9ba46cfae779056f9d26188ff3f0,,,,,2024-05-03T13:00:38.085Z
,,aa0c502378636d86b6162953ca58a1f3d3504feecbd17e25164b8f4d47745a9d,,,,,2024-05-03T13:00:35.344Z
,,1d2ba96ceafabc5b0a05355faaa3fc397419776406b65602e04644db92abb906,,,,,2024-05-03T13:00:32.302Z
,,2b980c9c6c670b90ff99c10a89c1b890ff4011fb9bb5fe8f552421c5d12fc413,,,,,2024-05-03T13:00:29.220Z
,,76b961cd209771cef572c3fc81c74a3fd92405d0c2f4cfae70292031e71b2c8a,,,,,2024-05-03T12:58:40.100Z
,,c41c2f44faaa6252b1ac7bd207e3ab010b734c14b609f6a805721298704b2957,,,,,2024-05-03T12:58:36.887Z
,,bdab0c27729405de0007757a30728941691349f47a955e363f0432d607393760,,,,,2024-05-03T12:58:32.494Z
,,c93b1e34d8828b64aa76624cb94116a059a14295eb8051fc2604b0ef31da5942,,,,,2024-05-03T12:58:29.079Z
,,5b4bbe8335ff92939511f0b9e326fe4f1feee6e539e2ca173253acad0830c3d8,,,,,2024-05-03T12:58:25.563Z
,,b9a8cdd4805fd1d7327a1a10f27af44c59f7d3ab6fc646aae720f0386f9c1e6d,,,,,2024-05-03T12:58:21.043Z
,,542a38bf52afa6a4a008089a6fbf22c9d68ef5d6c634dd2c0773d859a8ae2bbf,,,,,2024-05-03T12:58:17.389Z
,,4d8869d738b7e852fbe780cd1dbaa4b846d420bff1ec197f37627c3e57277537,,,,,2024-05-03T12:58:13.192Z
,,d4b6524315d5de727a8af3e4e73e8b28dab27c62fd0a6a7a891460061c2f3d60,,,,,2024-05-03T12:58:09.871Z
,,87f202a4c28b27437f505873d8dcbe1cc966a27efa4d79b440704cf341ab4a22,,,,,2024-05-03T12:58:07.352Z
,,9ddd35543b47644d41656eff43eee5ac146f8ca44c602701b6b56fb3878408c6,,,,,2024-05-03T12:58:04.037Z
,,e079fa28ea51fa98644164caf585ae3231d25372fccca1245902fb57488d4660,,,,,2024-05-03T12:57:54.118Z
,,7761193ab931db800772708912b9455e687b6df8112a674fac4fba45c3e8ee3b,,,,,2024-05-03T12:57:45.713Z
,,ffd73874741bbf82c6cf26fc57002b4672bb3c9a625fca30d1a4f31180d86475,,,,,2024-05-03T12:57:42.069Z
,,05854ea1958ef0969a2c717ce6cb0c67cd3bcd327badac6aa7925d95a0b11232,,,,,2024-05-03T12:57:36.828Z
,,2c4b6748ae9dd63eea7bce0dc0898191e433c176991760c33c34c488cf38cfd5,,,,,2024-05-03T12:57:34.045Z
,,2dab95abe3460e34954527e88223662a03512938a9a28ab57e7f0a8ec298f367,,,,,2024-05-03T12:57:30.090Z
,,cbc500b76995d36c76d04061c58ceaf93a1880af32be494e5ac1e099663ed0fd,,,,,2024-05-03T12:57:26.540Z
,,339855618fb3ef53987b8c14a61bd4519b2616e766149e0c21cbd7cbe7a632c9,,,,,2024-05-03T12:57:23.960Z
,,7d6d72b064804dca4aa0b1c75506363ae7c95081fa068561b6f39faea35e6d3b,,,,,2024-05-03T12:57:20.655Z
,,970002003a0b3c0d701fba8e4121171abb27b546b58163476ad0a6dc03ee1110,,,,,2024-05-03T12:57:18.136Z
,,e44fe9432c5e11b51660efc37bf9b553260ad4130651a604ad11ca784d7f9238,,,,,2024-05-03T12:57:15.787Z
,,882739ea17c28952d964928d5f28890d16f753e1ec65e1450bbec392efd3873d,,,,,2024-05-03T12:57:13.834Z
,,48c545186655d42a77c74cfc73d605152ae2f1a62711d29f7408926e4778e4fb,,,,,2024-05-03T12:57:11.858Z
,,aab2868a6ebc6bdee5bd12104191db9fc1950b30bcf96eab99801624651e77b6,,,,,2024-05-03T12:57:09.448Z
,,ba301d10b0d9d1521ff8b2a158eed7abe320f2d22f9ce1daf3b7462b03205cca,,,,,2024-05-03T12:57:06.653Z
,,7a10c12b381b0e85d621700cfded5dc213b2b517915e2ab688831fd4f2d1a724,,,,,2024-05-03T12:57:03.115Z
,,eeffb93604c8740fda4f1a651b28a0fea35391fb5c932bdebd8ba9c5d957d61f,,,,,2024-05-03T12:56:55.261Z
,,d620d88dfe1dbc0b407d0c3010ff18963e8bb1534f32998322f5a16746a1d0a6,,,,,2024-05-03T12:56:52.416Z
,,2c7f26d99229d7166692c8f311fc5abfb915789ba4bfefb217fc01415fafc69c,,,,,2024-05-03T12:56:48.662Z
,,be1a398a4f920bdc8e7b26c942c6540230760dc7c8de7c9f4776c168eb1cca0e,,,,,2024-05-03T12:56:42.924Z
,,69775389eb0207fec3a3f5649a0ad9315856c810f595c086ac49d68cdbc1d136,,,,,2024-05-03T12:56:35.917Z
,,d2b612729d0c106cb5b0434e3d5de1a5dc9d065d276d51a3fb25a08f39e18467,,,,,2024-05-03T12:56:30.343Z
,,93347a47796986520d748bb6cd2385f4613169c008c686da9fe22239806845cb,,,,,2024-05-03T12:56:25.190Z
,,afa678de3a89bb868d433a6dde8533ffa117218d1050de4309f5b1070a5d7545,,,,,2024-05-03T12:55:08.057Z
,,8841035157258374df06445b22b2f5128bad0c32bc728387da80dccb0793abc0,,,,,2024-05-03T12:54:59.829Z
,,c8b3d7c0dc8bb979b68f2b616b23c96d9a46b6654ab90dd7b99bb897c262b2af,,,,,2024-05-03T12:54:54.571Z
,,fdddd1640b85932643505040b8a03aea3b371f105f39b0fd7697bd1610f95927,,,,,2024-05-03T12:54:49.127Z
,,625707f670b9aae8c8d34fb360f8ee784d30d497f10a01005c836bb0b37118d4,,,,,2024-05-03T12:54:40.628Z
,,2e7952f12b1bdd7d7ba263ca324f2d76887d6b0afc8c574e4c0105cc54fea326,,,,,2024-05-03T12:54:32.937Z
,,70ece9b44f54fa5ac525908da412bf707ce7fae08a8f2b8134f34133df43e982,,,,,2024-05-03T12:54:27.904Z
,,426ce882b3acf32422d16ff2bd7b296dcd0afc1654f96e0a757ef1462bfd8170,,,,,2024-05-03T12:54:22.796Z
,,cd8055713f9f9249efa639e6c2b7c2db71a801de209f74872ef4112a7bf6103f,,,,,2024-05-03T12:54:16.649Z
,,15f39214b98241e7294b77d26e374e103b85ef1f189fb3ab162bda4b3423dd6c,,,,,2024-05-03T12:54:02.412Z
,,d929738ce654725776c30661da218b9b0f68b973a901f00c31084da97711d8b7,,,,,2024-05-03T12:53:54.784Z
,,0628d2743617d9df821014a1c32dd33dd68c3986d8f84a347959b2797b1c8077,,,,,2024-05-03T12:53:44.737Z
,,8e1e0ddeb249b9f8331b1562498d2cbd9138ec5e00c55a521d489e65b7ef447d,,,,,2024-05-03T12:53:35.857Z
,,a0ac5f7d41e9801b531f8ca333c31021c5e064f13699dbd72f3dfd429f19bb26,,,,,2024-05-03T12:53:26.537Z
,,0d708f5094972d6727f7dac3d2e34005b66a0397500da1148d060a4414156036,,,,,2024-05-03T12:53:17.581Z
,,c16408967de0ca4d3a1d28530453e1c395a5166b469893f14c47fc6683033cb3,,,,,2024-05-03T12:53:11.511Z
,,66a0c4c0a0cc269189876b1d24f159229c76b30579037b621e001bbbbd8a3c71,,,,,2024-05-03T12:53:02.313Z
,,9fbeb629ea0dc72ac8db680855984d51b28c1195e48abff2e68b0228f49d5b0f,,,,,2024-05-03T12:52:46.463Z
,,b8ce958f56087c6cd55fa2131a1cd3256063e7c73adf36af313054b0f17b7b43,,,,,2024-05-03T12:52:35.337Z
,,780d805287a729cfbda68bcee74a1a0a7871d649bd8b326040fa4c369863de47,,,,,2024-05-03T12:52:23.514Z
,,a2322a27796d9f34f31d819e417d4eba3d1463ecb81b4b7aa1791812aed28a63,,,,,2024-05-03T12:51:39.774Z
,,881941ea24e92f4bd4d69d79e27ce1d2b10094172cb3cc93b223daf70ef2d867,,,,,2024-05-03T12:51:31.966Z
,,e869c8e7f61d4f49d357d02179ed557e466b1d66ce6993faddbc23d5992ff59b,,,,,2024-05-03T12:51:25.190Z
,,0c2013904dddc7a75d7cfb297b302b30b4ceb0caaf13af01097e422cfcd9392c,,,,,2024-05-03T12:51:11.928Z
,,8aeb7dd31c764b0cf08b38030a73ac1d22b29522fbcf512e0d24544b3d01d8b3,,,,,2024-05-03T12:50:13.456Z
,,595a7ea981a3948c4f387a5a6af54a70a41dd604685c72cbd2a55880c2b702ed,,,,,2024-05-03T12:50:05.807Z
,,50a8c02af50e4c4c9bc3c8eb52858abb70975788e562dabaeb108b0c350f71e1,,,,,2024-05-03T12:49:53.761Z
,,085256b114079911b64f5826165f85a28a2a4ddc2ce0d935fa8545651ce5ab09,,,,,2024-05-03T12:49:44.836Z
,,41364427dee49bf544dcff61a6899b3b7e59852435e4107931e294079a42de7c,,,,,2024-05-03T12:49:35.494Z
,,f4f4e5aba02a870ca5f58ee1bb24479f2c67e4d56fae348549f90cef9952bc72,,,,,2024-05-03T12:49:19.345Z
,,6be099a1a41c0467822012fa6b6b2364515ab3af55f10ac9ec8a4d4395e1c973,,,,,2024-05-03T12:49:10.995Z
,,44996598c59fe3b9ff3b5cbe4a6777cc02785a60c52f203c7d3e063f77eb259d,,,,,2024-05-03T12:48:53.725Z
,,ef66a464da7a77d6c93a01290e4b6d7a6fc3a3336f427d67a6acd0d4b502cd51,,,,,2024-05-03T12:48:46.211Z
,,6ee8051aa08d061dd7da315b254aa47b6657cbf98fec460ef1a4c6f2e1938710,,,,,2024-05-03T12:48:40.240Z
,,1f916a50d7f27e70da9bd8d467f0459a327ea3530f41914f4b3a43c00887934e,,,,,2024-05-03T12:48:21.604Z
,,5da3a405fea843ed422c06987179e0ac47b915c1d12cc608ce4ecb187edf5f03,,,,,2024-05-03T12:48:14.429Z
,,00d418f0526ed219f07e35e24c2b40f5eabef0ef413ee0a1cc0e2cf2dd257614,,,,,2024-05-03T12:48:06.061Z
,,0005bfea1c6d1225324b8303da5afbbdcec9f9558af40d44e6be03489fb200e5,,,,,2024-05-03T12:47:58.704Z
,,253a704acd7952677c70e0c2d787791b8359efe2c92a5e77acea028393a85613,,,,,2024-05-03T12:47:40.440Z
,,36f0b7d6d424d27e0bb783cf396294147668cedcfdb2dc0e0b20bc9cc0323b54,,,,,2024-05-03T12:47:17.900Z
,,e506987c5936380e7fe0eb1625efe48b431b942f61f5d8cf59655dc6a9afc212,,,,,2024-05-03T12:46:11.466Z
,,593d2e0ba4020250e8d97a9d62f1de358159c0eb663c3a37fae7ce761eee005a,,,,,2024-05-03T12:46:05.961Z
,,1db6d5f3b43ce0148ae7c3b2a310dd5e572174d3b6de173f2e2e1a520b73ffd9,,,,,2024-05-03T12:45:55.406Z
,,c95eaedaafd8041bb0fea414b4ebc0f893f54cdec0f52978be13f7835737de2a,,,,,2024-05-03T12:45:43.041Z
,,da255866246689572474d13d3408c954b17d4cc969c45d6f45827799e97ed116,,,,,2024-05-03T12:45:26.561Z
,,49b32f299a178fd435009b20c716d9207028b86a96bd85c6aa2531040e749d37,,,,,2024-05-03T12:45:19.124Z
,,a53e33c77ecb6c650ee022a1311e7d642d902d07dd519758f899476dbaae3e49,,,,,2024-05-03T12:45:11.652Z
,,5f833901b361223b5d23214f09fd66c1e046077f983e4275001f449a2463aa7d,,,,,2024-05-03T12:45:02.964Z
,,f69747d654acc33299324e1da7d58a0c8a4bd2de464ec817ad201452a9fa4b54,,,,,2024-05-03T12:44:54.400Z
,,aaae2de82d06dd5d901fc1061d2fc2d35bd2dc615a396523bd8f42c5d02e92b6,,,,,2024-05-03T12:44:48.688Z
,,e55fff05de6f2d5d714d4c0fa90e37ef59a5ec4d90fdf2d24d1cb55e8509b065,,,,,2024-05-03T12:44:39.549Z
,,afee805634ca5ceff8ab471056249a7e2ff077b8c45cab6e9769f2520b9669a7,,,,,2024-05-03T12:44:32.901Z
,,2f629c3c65c286c7f55929e3d0148722c768c730a7d172802afe4496c0abd683,,,,,2024-05-03T12:44:25.227Z
,,520778a12e34808bd5cf7b3bdf7ce491781654b240d315a3a4d7eff50341fb18,,,,,2024-05-03T12:44:15.889Z
,,2876ff512fd7c8934c9ca1ef49f378422addc7965c4a9f1e6f584af19ddf719c,,,,,2024-05-03T12:44:05.461Z
,,5345ac8130adb752a0bd8224969f0ced0172f2fce5aa39a90f3075e75ad50767,,,,,2024-05-03T12:43:28.612Z
,,5094028a0afb4d4a3d8fa82b613c0e59d31450d6c75ed96ded02be1e9db8104f,,,,,2024-05-03T12:43:21.583Z
,,79f868fd318b66b0b9374a32c8fb5ce5488d5418ef266e269cdecb56857387ff,,,,,2024-05-03T12:43:16.605Z
,,787d0eae3fb29883b8dba9c3bcc00793baa4a54fbad0921d1aee7f5e6ad86907,,,,,2024-05-03T12:43:12.426Z
,,55895db8e7e1f269d0c5290a4c692161e4bc72471f209d7d890a9dae45d96691,,,,,2024-05-03T12:43:08.789Z
,,08be58717221cec97d41d11c9e8a74aab9feba1d4a58ecf29ac3ca9b75b39d14,,,,,2024-05-03T12:43:03.672Z
,,6762a2e15913e66b06a0953387bd87b0f9ce22b5939fe1efd46c7120df214d7c,,,,,2024-05-03T12:43:01.133Z
,,9a040cdd7c9fcde337b2c3daa2a7208e225735747dd1366e6c0fcbc56815a07f,,,,,2024-05-03T12:42:45.607Z
,,36e66597a3ff808acf9b3ed9bc93a33a027678b1e262707682a2fd1de7731e23,,,,,2024-05-03T12:42:41.536Z
,,0cfb0c4f6995c87f28e6374afc7a08ed3afd22c656495527e4119368f50475e2,,,,,2024-05-03T12:42:37.383Z
,,b5c87cab2ff99d1e4b4c3ee897b07869fa8f6a63fbd27018f589c105faf91fcd,,,,,2024-05-03T12:42:28.535Z
,,9144917a27453e8d69596a41ea003a5bf7d33334caaa4e67f5f8f9ef9cc3bcd1,,,,,2024-05-03T12:42:21.726Z
,,ce3adfbc27611e55823588655755a017274a9b1e60ce63081f1017d6b73e103e,,,,,2024-05-03T12:42:14.433Z
,,366affd094cc63e2c19c5d57a6866b487889dab5d1b07c084fff94262d8a390b,,,,,2024-05-03T12:41:33.072Z
,,19972cc87c7653aff9620461ce459b996b1f9b030d7c8031df0c8265b73f670d,,,,,2024-05-03T12:41:22.556Z
,,0102777ec0357655c4313419be3a15c4ca17c4f9cb4a440bfb16195239905ade,,,,,2024-05-03T12:41:15.121Z
,,75ad94033cfaba5e7ba20fd8ea465309127147ca5903282e5469e303834949a8,,,,,2024-05-03T12:41:05.057Z
,,a26e75fec3b9f7d5a1c3d0ce1e89e4b0befb7a601da0c69a4cf96301921771dd,,,,,2024-05-03T12:40:52.175Z
,,360fc67cb295c0a79934f7899ed804424e0c6c4e316d7f3478f2f8c4386f5b68,,,,,2024-05-03T12:39:41.943Z
,,de006fffc2c0580844830436ee2bdce2f492072b72375b93867a1523c0275ecd,,,,,2024-05-03T12:39:30.921Z
,,684f4b9ea61e14a15e82cac25076c5afe2d30e3dad7ce0b1b375b24d81135c37,,,,,2024-05-03T12:39:25.037Z
,,10b02dfe93a30d5da0aab3559ec3a55dab6cd96e8ef7c4d1a8e86c59efe63634,,,,,2024-05-03T12:39:18.149Z
,,f323a150d7597f46d29eb3a3c56f74e11d18caf164f9176c8c1b2fa0031cc729,,,,,2024-05-03T12:16:23.585Z
,,7b3075b1a8cc0163d1e12000338adf3ed8a69977c4d4cacfc2e20e97049d727a,,,,,2024-05-03T12:16:17.760Z
,,ad33e99c216e0bdf93927195f1da1b7731ba47a75096d0d2546ec484b84ee169,,,,,2024-05-03T12:16:13.963Z
,,22ddd5ebb4704a7f58053bb21346da721f3de67fd64af446836e6a51d73db550,,,,,2024-05-03T12:16:10.932Z
,,af1bd82bf11e5a386abf5e1a1dc9773b66f7936f6e2e8f3ea4cc913794bf5a81,,,,,2024-05-03T12:16:06.450Z
,,b3ebc327773f5f846deeb1255475644a630c4d0d3b4eda3bbf995a36599c07cf,,,,,2024-05-03T12:16:00.728Z
,,010a76b12877d5009f998d993d1ab7499e71367e7c35b0366883c53e9a2d4dc8,,,,,2024-05-03T12:15:57.235Z
,,20048e58bb35370f9e54575221da9b6728d47e5eb5404cb30912fd99288f7d52,,,,,2024-05-03T12:15:53.052Z
,,843ee9fd681cb88c6da02c51005ffd9b60b05bd0a50da1b5d47d90b31a313ca1,,,,,2024-05-03T12:15:48.074Z
,,85f9d294b74bcd94711a4e91af22ffee1410a20ac11872b9a8d89bac05e12e89,,,,,2024-05-03T12:15:44.481Z
,,e8cd98f1abade45d4c608aadec25b529ede12b807bc5d446848991bd89f18cdc,,,,,2024-05-03T12:15:40.242Z
,,daf1eccb75fc022d0cdfa644a1cb7ea53dac858da66cbcf8196cc1a147eb036c,,,,,2024-05-03T12:15:36.296Z
,,539c5345917d080d775322a9f7bddc94e224abea97247dbf91c361a3ff9748b3,,,,,2024-05-03T12:15:33.010Z
,,3f5856a9ec23f6daf20fe9e42e56da1b8dcb0de66b6628a92b554d6e17c02fc3,,,,,2024-05-03T12:15:29.528Z
,,fdf521ab7f912c27740d0c78d11ff78b5badb36b72ee204a31c8d46921e3903d,,,,,2024-05-03T12:15:24.768Z
,,374c3a727df5068946453d29dde39de4365332ba571961c40aec99f86d37ff8d,,,,,2024-05-03T12:15:10.778Z
,,8f1f103a4802859d695e38f78e0ed383f889bbe8d4dcb6e8843eaf9363a86c04,,,,,2024-05-03T12:15:02.320Z
,,e89afdf4ab8d5314eeafddd3b836fc7ee9312dddd0b0973051a31246644c9ed0,,,,,2024-05-03T12:14:58.034Z
,,c1179e858250b840878a362f363797d427c9c0ca9a95a00b9d9192e29f16c1ac,,,,,2024-05-03T12:14:54.152Z
,,f5b0fe52b751d585cc2ada0b90fbf55e1cad8465b69c6c7c7bcaef6253d2d404,,,,,2024-05-03T12:14:47.550Z
,,9e47232b92dd0f048cb31325301370b575a1247028c509ed2262006a4fed8183,,,,,2024-05-03T12:14:44.997Z
,,91df20cfd25c140da8728f67e004dc42277922aac62b8dce7589ee82f84ca52a,,,,,2024-05-03T12:14:42.141Z
,,0ec6c4342cf0cae5ba59a216ed074ac0574f04763ce4b5b1944daad9513491b6,,,,,2024-05-03T12:14:39.634Z
,,1d3ff6cdda68c63d254df70cef0dc9adfa414200f953499c40cbc75bf3936233,,,,,2024-05-03T12:14:36.915Z
,,eddf03eb7a3579026eec268e74209f68286bf07993c04ec24ffab10173b69877,50,,,,2024-05-03T12:00:52.548Z
,,f2c48f0a34746fae9dd0bea3eaafc11058338b39736d6a1db715da42437dd601,50,,,,2024-05-03T12:00:52.449Z
,,e9b7980cde15f62dcceb98470b476b075659ef08b5a38c794b6e8954ccdcefbd,50,,,,2024-05-03T12:00:51.964Z
,,d65b2092ee471eb25c756fa4d1847b16895e57aa690c3f317df51afd79d28dd2,50,,,,2024-05-03T12:00:51.964Z
,,ce5082cb80719da6e91d4e5fb0b4c35fd4881fb4acbdc06243a00c86b42a4ded,50,,,,2024-05-03T12:00:51.873Z
,,baad6e7a9a06768682f5553c2b765ac5f74e708be69856d4f640a534a06da459,50,,,,2024-05-03T12:00:51.706Z
,,b7081e46af122391481235a4d0a542150db1f4500cfce90e07e227730981476f,50,,,,2024-05-03T12:00:51.625Z
,,b46f93c5b127ddbea341c45c42934e32248467f6d226cf8f89c20916491e4977,50,,,,2024-05-03T12:00:51.423Z
,,a4c6a52cabfddb57bdaad2532f324116f7900269339d9f41c6d3c46e3bd682ae,50,,,,2024-05-03T12:00:51.263Z
,,9e8c3d489ad519cc4185d9a69085bc85048f5481743fcc7480d3dde616639771,50,,,,2024-05-03T12:00:51.224Z
,,9b40ee23aa24a37cffe3dba91e4e490e4138ee3f593a135d17f6b2c2e02d69e6,50,,,,2024-05-03T12:00:51.086Z
,,7f1e4420025c544b9dd8b13929b04c82ac0abd08dba8c2f1e7a667345bf06dee,50,,,,2024-05-03T12:00:50.951Z
,,76bb1d3fa9b8b872c01da30bfac5fe52ae89d3ca43ce0dad967bc7da0a8e7644,50,,,,2024-05-03T12:00:50.858Z
,,662b84e31e38334394c35a0862dad21ef10086bd8a90619bc73c4b8598213526,50,,,,2024-05-03T12:00:50.791Z
,,649176de7d03d218952f72ff780f6f8532752066688192f4ae92e409efaf0864,50,,,,2024-05-03T12:00:50.418Z
,,54ee8358723132b4b6f41eee4c40c3a06a794201ce998d4c7cc6185a37ee0dad,50,,,,2024-05-03T12:00:50.403Z
,,32e668ab3cbcebaec73d7b8a5b1e5cfee1c8b07969f851df6fe0f1ba405d1a89,50,,,,2024-05-03T12:00:50.378Z
,,145f72fb0938f395c8d8dc71efa768241a00b7b1721bde4cc231e4233374a836,50,,,,2024-05-03T12:00:50.036Z
,,0d619094cd4d2c5fe7ffa917b4cef5852101128a31b25850bb4bdcfeb782b7c0,50,,,,2024-05-03T12:00:49.935Z
,,1d7702548185a610711e25e0f31bdf10719ee38543ec192a129268aafc683b0b,50,,,,2024-05-03T12:00:49.913Z
,,7bddde9708118f709b063da526640a4132718d3d638505aafce5a20d404b2761,,,,,2024-05-03T11:44:43.559Z
,,b641687696b66e6e820618acc4765162298ba3e9106df4ef44b2218086ce8040,,,,,2024-05-03T11:44:29.831Z
,,7f731d2502dd39cbc16193ca7e9d147fe158c10236e00c634bb0680e2bfc4bfa,,,,,2024-05-03T11:44:20.227Z
,,be554e706f6b8ab8f4bbea209b669e9dca98bf647faa55c46756f322dadab32f,,,,,2024-05-03T11:44:14.633Z
,,f74146e200ac3983f6df782faa0d0807c22bfc9c2ae69ec1df6f9df439c65f5c,,,,,2024-05-03T11:44:08.444Z
,,33d2b141b17e6e04da11b2a75ca2dab74de19c1fb7be5065e839f540d267bdca,,,,,2024-05-03T11:43:44.351Z
,,755894e632485b30d1522058a63b830f4c4c245207141cad4a8b456acee487f5,,,,,2024-05-03T11:43:35.797Z
,,d4371f44008640a534294618e72b300cf7f2e9bfda063090a29f5d2da23cd5b9,,,,,2024-05-03T11:43:28.854Z
,,3ddd9ae027de3fcc4b95a4b318b67122bd91e62dc7d45b5739a51ca1cb3df443,,,,,2024-05-03T11:43:22.242Z
,,edf5a2447617329e5bec6585d33053c55026c3e6250737e6650f58f7efc3481d,,,,,2024-05-03T11:43:17.683Z
,,77566850743bac708ce4e05ffa53347870863c015403eea30f7dbd8e7d4b8333,,,,,2024-05-03T11:43:09.187Z
,,479689a75fe012b153d3f5402059c40e57a94ac45f42662b24279326a3fa7b4c,,,,,2024-05-03T11:43:00.820Z
,,96e48ea92e40ebe25e26aa769b38cbe27f26f2718d184a6ba2fd3bb900992ebd,,,,,2024-05-03T11:42:47.474Z
,,f5d002bfe80b48386a6c99c41528931b7f5df736cd34094463c3f85dde0180bf,,,,,2024-05-03T11:42:27.694Z
,,5c36bec67bd40fab599057874dda3484f19850656a119bd9f06f2328f300d4ff,,,,,2024-05-03T11:42:22.697Z
,,d69665f56ddef7ad4e71971f06432e59f1510a7194386e5f0e8926aea7b88e00,,,,,2024-05-03T11:42:04.182Z
,,ecaf150e087ddff0ec6463c92f7f6cca23cc4fd30fe34c10b3cb7c2a6d135c77,,,,,2024-05-03T11:41:52.478Z
,,7907dd95c1d36cf3dc842a1bd804f0db511a0f68f4b3d382c23a3c974a383cad,,,,,2024-05-03T11:41:48.685Z
,,018eb62e174efdcdb3af011d34b0bf2284ed1a803718fba6edffe5bc0b446b81,,,,,2024-05-03T11:41:43.587Z
,,e5af8e705e079d28f795cf490a66f74415699c9674833e2524eb746004d56a6b,50,,,,2024-05-03T11:41:38.352Z
,,ad23c7930dae02de1ea3c6836091b5fb3c62a89bf2bcfb83b4b39ede15904910,,,,,2024-05-03T11:41:34.648Z
,,6d707e647427f1ff4a7a9420188a8831f433ad8c5325dc8b8cc6fc5e7f1f6f47,,,,,2024-05-03T11:41:29.921Z
,,21c1fdd6cfd8ec3ffe3e922f944424b543643dbdab99fa731556f8805b0d5561,,,,,2024-05-03T11:41:20.648Z
,,893e4cca7fe58191d2f6722b383b5e8009d3885b5913dcd2e3577e5a763cdb3f,,,,,2024-05-03T11:41:15.139Z
,,3e3ab9674142dec46ce389e9e759b6484e847f5c1e1fc682fc638fc837c13571,,,,,2024-05-03T11:41:08.561Z
,,8e422c8a6cea77ea5cd7cab63599883e3a705746a8e7c551bd41b5811c11d883,15,TWEETFEED IOC 8e422c8a6cea77ea5cd7cab63599883e3a705746a8e7c551bd41b5811c11d883,,,2024-05-03T11:40:35.659Z
,,f03e26b89a7fd7071054f9c513fe4b0319e128f00d8b398b32825521e9c8a983,15,TWEETFEED IOC f03e26b89a7fd7071054f9c513fe4b0319e128f00d8b398b32825521e9c8a983,,,2024-05-03T11:40:33.920Z
,,a598f68f703e6eb557c92e740e9bc51efd8352f7022630e43b82f1a8663facb4,15,TWEETFEED IOC a598f68f703e6eb557c92e740e9bc51efd8352f7022630e43b82f1a8663facb4,,,2024-05-03T11:40:31.001Z
,,7d829abe26b30ced467513e95f3448bc9f30de2fdced81c20b0d7699bd69c644,,,,,2024-05-03T11:40:21.029Z
,,70c30b4cc6a9a420bec3ad25a0147c7ff91535a04ece95036334cb23044eda4e,,,,,2024-05-03T11:40:17.821Z
,,c3292950fef6f98574e95b4a1909d04b6c9599368ec3ae8bfa5c9f68c8c1d104,15,TWEETFEED IOC c3292950fef6f98574e95b4a1909d04b6c9599368ec3ae8bfa5c9f68c8c1d104,,,2024-05-03T11:40:02.534Z
,,22b785c8713abbe7ae13c5019999ae1ee4d163af64f0a8d6acb326d0812383ec,,,,,2024-05-03T11:39:59.477Z
145d67e04153072aeb928299b2552300,,,15,TWEETFEED IOC 145d67e04153072aeb928299b2552300,,,2024-05-03T11:39:56.159Z
,,a799d1b1f7239a7bc7fadf0a8a1c7d50c62e144a107458ac3cb08ea63b27b3aa,15,TWEETFEED IOC a799d1b1f7239a7bc7fadf0a8a1c7d50c62e144a107458ac3cb08ea63b27b3aa,,,2024-05-03T11:39:52.236Z
,,04c878ad31e89d789febdfd3916f379e0520e35173e489ae579e3a62fca11feb,,,,,2024-05-03T11:39:50.581Z
,,0f1fe064d3d23499968b8f3e972e775bf81903a9b3e85422d156e36795c48ad3,15,TWEETFEED IOC 0f1fe064d3d23499968b8f3e972e775bf81903a9b3e85422d156e36795c48ad3,,,2024-05-03T11:39:41.759Z
,,76b4b34a02b2558f6d79df2cdf5a4b7d0dda960bd073e65084c1e61a6c3f092d,15,TWEETFEED IOC 76b4b34a02b2558f6d79df2cdf5a4b7d0dda960bd073e65084c1e61a6c3f092d,,,2024-05-03T11:39:30.991Z
,,8ab3a5eaaf8c296080fadf56b265194681d7da5da7c02562953a4cb60e147423,,,,,2024-05-03T11:39:19.465Z
,,31c7a17e9f518c9f55ecfaa428e069d9fc1c820c74ed53392bc1b219915438b3,15,TWEETFEED IOC 31c7a17e9f518c9f55ecfaa428e069d9fc1c820c74ed53392bc1b219915438b3,,,2024-05-03T11:38:54.239Z
,,0a29fcf1c8cbc95c5e4694492d237fd116a80853d040f096a95dd2272bd0bb87,,,,,2024-05-03T11:38:40.940Z
,,d9345864bb59d75e19862e6d712836444ebba00f55a42b3e1d55f3f816246696,,,,,2024-05-03T11:38:35.582Z
,,9056333767a427b745356846f3d89d72258f84a4b58516f541e96c734478751b,,,,,2024-05-03T11:38:29.715Z
,,b0520b75e5d60ead9d8a34c2f024474a77ca0dbdd504e14a7aac1cdd434731c0,,,,,2024-05-03T11:38:24.759Z
,,e350dc55f61eda0a7372fb5bbf35fac6d8c928912f3bef75efeaca7c1338093f,,,,,2024-05-03T11:38:17.731Z
,,2dde8881cd9b43633d69dfa60f23713d7375913845ac3fe9b4d8a618660c4528,,,,,2024-05-03T11:38:11.825Z
,,67156d229ad4f362b62839364c9a53ca9a25558e3bebf8c99a790279ca60220f,,,,,2024-05-03T11:38:07.625Z
,,83209d9b8ebd0add8665e533d0948ae4e878ccc21ba5e3b00bea8833b59acf9a,,,,,2024-05-03T11:38:02.514Z
,,ff6502b16b0c2eebef15964fd6fcc60c23b4afa88bebe99cfc54ee73f11aeb62,,,,,2024-05-03T11:37:56.541Z
,,4d65d371a789aabe1beadcc10b38da1f998cd3ec87d4cc1cfbf0af014b783822,,,,,2024-05-03T11:37:46.843Z
,,03d0e7ad4c12273a42e4c95d854408b98b0cf5ecf5f8c5ce05b24729b6f4e369,,,,,2024-05-03T11:37:34.086Z
,,3ffb8343387bd208a59811b632007a357933a5587eb7f7e10d234b2bc1643625,,,,,2024-05-03T11:37:28.418Z
,,5665fbb579e72e5b7a891389181c1cd9c6162bc684948483f1a0a685c134d848,,,,,2024-05-03T11:37:23.281Z
,,c5ba2faaf6c6a97cf78e64d66a3217afcdd10e3b9f6294138211596f3177c80c,,,,,2024-05-03T11:37:18.215Z
,,34a542356ac8a3f6e367c6827b728e18e905c71574b3813f163e043f70aa3bfa,,,,,2024-05-03T11:37:12.398Z
,,fee067f6fe10f4d3f49fd082a2eb48619c4d43fc98bc689b3740cb862ff77d24,,,,,2024-05-03T11:37:09.704Z
,,0664b09a86ec2df7dfe01a93e184a1fa23df66ea82cab39000944e418ec1f7b2,,,,,2024-05-03T11:37:01.889Z
,,4aa38b8bfbb98019afa20873b32beb9e11c735763e95bf99576f2bd54463a7e5,,,,,2024-05-03T11:36:57.193Z
,,f9749b50a3d30ca6a8e0b6a33e5b48a4c93c687b73f0eb553641a07ac39e68bd,,,,,2024-05-03T11:36:50.802Z
,,8d28a885143b7327ca2db1f5fae20013591538c77941ae4244e67659943b31c1,,,,,2024-05-03T11:36:47.655Z
,,7af070db3f5a3a08eeb5439039c1eee30f10c637b1c0d88e723104d422048863,,,,,2024-05-03T11:36:32.633Z
,,3875ed58c0d42e05c83843b32ed33d6ba5e94e18ffe8fb1bf34fd7dedf3f82a7,,,,,2024-05-03T11:35:52.673Z
,,c5b4542d61af74cf7454d7f1c8d96218d709de38f94ccfa7c16b15f726dc08c0,,,,,2024-05-03T11:35:48.094Z
,,1146b1f38e420936b7c5f6b22212f3aa93515f3738c861f499ed1047865549cb,,,,,2024-05-03T11:35:43.275Z
,,7495c1ea421063845eb8f4599a1c17c105f700ca0671ca874c5aa5aef3764c1c,,,,,2024-05-03T11:35:35.974Z
,,81cdf809eb39328a87558df762ec2dfe336adad09eac0deb397e4bbf68ddde29,,,,,2024-05-03T11:35:32.310Z
,,950b538fcf4aa8021867bce803c551b098b1481fc9b468772efb81f51c4c1c8c,15,TWEETFEED IOC 950b538fcf4aa8021867bce803c551b098b1481fc9b468772efb81f51c4c1c8c,,,2024-05-03T11:27:45.224Z
,,96624b6a4e1775476ef4c4060e484b9a272958eaf4ea73c11a03b7ab0aa9b64a,15,TWEETFEED IOC 96624b6a4e1775476ef4c4060e484b9a272958eaf4ea73c11a03b7ab0aa9b64a,,,2024-05-03T11:27:40.581Z
62ceee8edf1159452778a8750dd43116,,,15,TWEETFEED IOC 62ceee8edf1159452778a8750dd43116,,,2024-05-03T11:27:23.862Z
,,41e1e8a0869ea00c6fd89e0508156775d715c94325564715b06be43e29a8808f,15,TWEETFEED IOC 41e1e8a0869ea00c6fd89e0508156775d715c94325564715b06be43e29a8808f,,,2024-05-03T11:27:11.370Z
,,d8c3c7eedd41b35a9a30a99727b9e0b47e652b8f601b58e2c20e2a7d30ce14a8,50,,,,2024-05-03T11:11:37.649Z
,,a709dacc4d741926a7f04cad40a22adfc12dd7406f016dd668dd98725686a2dc,50,,,,2024-05-03T11:11:37.214Z
,,7a45639f768144799d608a4bbabf144fc1e3c016a7d665775c6314a0c71540f1,50,,,,2024-05-03T11:11:36.130Z
,,702fee1d3836cc14102ec2dfbf1e6706c2e359a8e38403d82789ba7d717cfc77,50,,,,2024-05-03T11:11:36.060Z
,,39f1224d7d71100f86651012c87c181a545b0a1606edc49131730f8c5b56bdb7,50,,,,2024-05-03T11:11:35.353Z
,,254663d6f4968b220795e0742284f9a846f995ba66590d97562e8f19049ffd4b,50,,,,2024-05-03T11:11:34.643Z
,,1827db474aa94870aafdd63bdc25d61799c2f405ef94e88432e8e212dfa51ac7,50,,,,2024-05-03T11:11:34.349Z
,,7fd72a36f7e0e6e0a8bc777fc9ed41e0a6d5526c98bc95a09e189531cf7e70d5,,,,,2024-05-03T10:41:27.990Z
,,c3f11936fe43d62982160a876cc000f906cb34bb589f4e76e54d0a5589b2fdb9,,,,,2024-05-03T10:41:16.662Z
,,79f3b39797f0e85d9e537397a6f8966bc288d1b83ae1c313c825fbd17698879e,,,,,2024-05-03T10:41:08.531Z
,,61072ae06a5e25194e7bf6297026b54ae52fcfc14787ead8866866d8098a1fa3,,,,,2024-05-03T10:40:52.815Z
,,11ffd58d2707121ab5363d6c08560a50d3209bf60dd4b8eec066eb4241aa7bee,,,,,2024-05-03T10:40:42.759Z
,,304115cef6cc7b81f4409178cd0bcea2b22fd68ca18dfd5432c623cbbb507154,,,,,2024-05-03T10:40:32.803Z
,,81898df69e28a084ea37b77b568ccde34afdf96122ab784f8a361f055281ed0f,,,,,2024-05-03T10:40:24.458Z
,,d0ccb9a277b986f7127199f122023c79a7e0253378a4a78806fbf55a87633532,,,,,2024-05-03T10:40:16.330Z
,,9e3c407d3bbf2a69cf6509994ffb17b45c58c3adaf3dc876b23e7d0575e24ca0,,,,,2024-05-03T10:39:53.990Z
,,3299f07bc0711b3587fe8a1c6bf3ee6bcbc14cb775f64b28a61d72ebcb8968d3,,,,,2024-05-03T10:39:46.778Z
,,d5debe5d88e76a409b9bc3f69a02a7497d333934d66f6aaa30eb22e45b81a9ab,,,,,2024-05-03T10:39:16.110Z
,,e917166adf6e1135444f327d8fff6ec6c6a8606d65dda4e24c2f416d23b69d45,,,,,2024-05-03T10:39:13.041Z
,,423a0799efe41b28a8b765fa505699183c8278d5a7bf07658b3bd507bfa5346f,,,,,2024-05-03T10:39:09.974Z
,,7f6f9645499f5840b59fb59525343045abf91bc57183aae459dca98dc8216965,,,,,2024-05-03T10:39:07.749Z
,,f6d107a65479bb5e8a6d885739ae4c2dcc46e9b468e5d8f388dadfc7f57719fc,,,,,2024-05-03T10:39:04.263Z
,,d54173be095b688016528f18dc97f2d583efcf5ce562ec766afc0b294eb51ac7,,,,,2024-05-03T10:39:02.047Z
,,744f2a1e1a62dff2a8d5bd273304a4d21ee37a3c9b0bdcffeeca50374bd10a39,,,,,2024-05-03T10:38:57.051Z
,,22c3718bf7df29555098738f77c3139dae39dcdd34b39dab72df04ade4cffa7f,,,,,2024-05-03T10:38:53.889Z
,,7695f20315f84bb1d940149b17dd58383210ea3498450b45fefa22a450e79683,,,,,2024-05-03T10:38:41.385Z
,,03ed773bde6c6a1ac3b24bde6003322df8d41d3d1c85109b8669c430b58d2f69,,,,,2024-05-03T10:38:33.548Z
,,c8087186a215553d2f95c68c03398e17e67517553f6e9a8adc906faa51bce946,,,,,2024-05-03T10:38:26.419Z
,,4a9efdfa479c8092fefee182eb7d285de23340e29e6966f1a7302a76503799a2,,,,,2024-05-03T10:38:19.646Z
,,e6d09ce32cc62b6f17279204fac1771a6eb35077bb79471115e8dfed2c86cd75,,,,,2024-05-03T10:38:11.806Z
,,1bab1a3e0e501d3c14652ecf60870e483ed4e90e500987c35489f17a44fef26c,,,,,2024-05-03T10:38:04.502Z
,,5ac044cf6bab6ebfdda66f92d3b420f5f6d4629a535d80e43705ab55f3b03ea0,,,,,2024-05-03T10:37:59.608Z
,,102b0158bcd5a8b64de44d9f765193dd80df1504e398ce52d37b7c8c33f2552a,,,,,2024-05-03T10:37:55.041Z
,,7fe11b111ea6422cfa1350b24476db828c6bb58edededb7b9e369d1fc918d94a,,,,,2024-05-03T10:37:17.258Z
,,e259aa1de48fd10b7601c4486b841428fbd6cd1a4752cf0d3bbe1799116ae6e6,,,,,2024-05-03T10:37:11.002Z
,,1497ab6ddccf91ef7f2cd75ce020bb3bf39979210351deaa6e0025997ddfda5a,,,,,2024-05-03T10:37:00.549Z
,,fad14293c82af81c030ce802b3bba02f6c0ab78df25211797aef2309e9c559a1,,,,,2024-05-03T10:36:41.595Z
,,c199fb2a7f5590a06c6f8a76c18bd60b0868b2c6040859ecab55b5fdab802f58,,,,,2024-05-03T10:36:27.385Z
,,4929dc7185214d2a82325ae0dc6584fa22fc5457d6610199d50e85bcd0025b56,,,,,2024-05-03T10:36:18.569Z
,,4d3735fafb61b1f77f149f44f50ef361414fa5a2d7df1605d64a5f06adcb5d3f,,,,,2024-05-03T10:36:12.397Z
,,c34c6b10e67c42fc0c96f970f3fcb243b9a844d15c1e8dcf467037cdcab0bacd,,,,,2024-05-03T10:36:05.388Z
,,be7678a2c62ee93e52b73287873cdd8791580076eaa286f5afe8a124b285211a,,,,,2024-05-03T10:35:59.875Z
,,54f32e3f2e544455d68d50a45a4e36e1cf5048885179dd23647136a2526eb7b4,,,,,2024-05-03T10:35:53.720Z
,,5b2a800611999614edb40480c23bcb9dfccff5c10d862b6dc5d154441d1d06d8,,,,,2024-05-03T10:35:49.528Z
,,f348f93d0b492d3dc147c6e3d5448f44bf81f3a34a16209021575bb7259caf01,,,,,2024-05-03T10:35:46.175Z
,,dbd64be9cfe19af0e5916e374815035b0389090a10a092e320b49e9d995653fb,,,,,2024-05-03T10:35:40.890Z
,,5fa60303a0c4fd13ecd69e7c1a17788b72605473c2fb3f93eb758010326c76e5,,,,,2024-05-03T10:35:28.004Z
,,911ca97af69b531fa2c7cf56546fdc02b3daa1fde71e23d65c1f8f18355e3e1c,,,,,2024-05-03T10:35:20.315Z
,,766d7d591b9ec1204518723a1e5940fd6ac777f606ed64e731fd91b0b4c3d9fc,,,,,2024-05-03T10:34:43.825Z
,,eae876886f19ba384f55778634a35a1d975414e83f22f6111e3e792f706301fe,,,,,2024-05-03T10:34:34.946Z
,,b45fe91d2e2340939781d39daf606622e6d0b9ddacd8425cb8e49c56124c1d56,,,,,2024-05-03T10:34:29.564Z
,,6fce6b5f101ab504115f1251a842d55c50a046d7fd92d1fe0f42e430900bc8c5,,,,,2024-05-03T10:34:25.675Z
,,4bfd58d4e4a6fe5e91b408bc190a24d352124902085f9c2da948ad7d79b72618,,,,,2024-05-03T10:34:20.120Z
,,a5751a46768149c5ddf318fd75afc66b3db28a5b76254ee0d6ae27b21712e266,,,,,2024-05-03T10:34:14.317Z
,,844cc2551f8bbfd505800bd3d135d93064600a55c45894f89f80b81fea3b0fa1,,,,,2024-05-03T10:34:09.869Z
,,5c278c04bb19196dc8559d45b9728b3ba0c1bc5cdd20a766f56248e561c6f5a6,,,,,2024-05-03T10:34:05.010Z
,,004ede55a972e10d9a21bcf338b4907d6eed65bf5ad6abbbd5aec7d8484bdedf,,,,,2024-05-03T10:34:00.219Z
,,41324493142b10db127217274e21df37f6ccd13f01a8d29d2b23b7b1463423a7,,,,,2024-05-03T10:33:52.808Z
,,c66660142d9ba85bb89c8277447f3c21d0a7d1ee12fd38cd61091ed02ffba80e,,,,,2024-05-03T10:33:33.840Z
,,627724fa447e3937f3cdc5388285935a52d6970a616f4ac3d02e583d160cbfc0,,,,,2024-05-03T10:33:24.282Z
,,e93dd106f5c031e773f6f490a6df6ef165a0782072c98702a741433b62375829,,,,,2024-05-03T10:33:19.089Z
,,51a3758eaf22a893c1771aa70e78e22b775243424abce755dd48cc83879ddd94,,,,,2024-05-03T10:33:17.606Z
,,b1814a0969d0df2b121d80bf712b512f8a21c1a602108aaaf4a8806afcc45200,,,,,2024-05-03T10:33:10.045Z
,,a8ca6723215da21f66e66723089d64bbdd6e555011f0b287140791c207883a6b,,,,,2024-05-03T10:33:05.245Z
,,b71f5d8ce8cd0032c58405b7791b438a007c4332b298c092acd33a2c55423799,,,,,2024-05-03T10:33:01.345Z
,,93fbe550387be51f978d9b62fe8befdb94331ce7db4c2206c59e20a1e9a2c968,,,,,2024-05-03T10:32:55.168Z
,,d04553058ff53a560d0b00a145c5f4820a5997f073b89790aec91fc27ce0c6f6,,,,,2024-05-03T10:32:48.398Z
,,dcbfd12321fa7c4fa9a72486ced578fdc00dcee79e6d95aa481791f044a55af3,,,,,2024-05-03T10:32:20.510Z
,,0860f29226069a732f988cb70ea6d51057d204d421bb709b8e759376b0c4d201,,,,,2024-05-03T10:32:09.945Z
,,38ab5f21d7dc8481dac5c36e3c2cd6ecd57ec7fb7a80c34ba3eddd95079cd3fe,,,,,2024-05-03T10:31:53.205Z
,,14bb57ab4d8a3d2bda4a3d98f2ae5f98c7834a592fa7e9ce8f96e7f98e086f3f,,,,,2024-05-03T10:31:44.428Z
,,71160ab5f9e6cb5f36c2cbbed7e4a5cd579ce3ada117e4345ad8a31fd369d485,,,,,2024-05-03T10:31:38.584Z
,,75c82fd18fcf8a51bc1b32a89852d90978fa5e7a55281f42b0a1de98d14644fa,,,,,2024-05-03T10:31:30.918Z
,,bc93ef8e20f2a9a8799934d629fe494d5d82ea49e06ed8fb00ea6cc2e96f407e,,,,,2024-05-03T10:31:16.955Z
,,052309916380ef609cacb7bafbd71dc54b57f72910dca9e5f0419204dba3841d,,,,,2024-05-03T10:31:06.974Z
,,82e4b4fddf5ea7b7c846d44bcc24d75edcec5726dfa5b81b9f43387a1fc1922a,,,,,2024-05-03T10:30:58.433Z
,,694fb9d8ffeddf9988e6ae8946a50ee195ebb3021b0d0b0370f5246a497c4353,,,,,2024-05-03T10:30:34.065Z
,,e423be04219d106d3f1d428ac54d327a4e42db8558076a9562966de3c8323445,,,,,2024-05-03T10:30:18.153Z
,,4c3499f3cc4a4fdc7e67417e055891c78540282dccc57e37a01167dfe351b244,,,,,2024-05-03T10:29:40.967Z
,,a75886b016d84c3eaacaf01a3c61e04953a7a3adf38acf77a4a2e3a8f544f855,,,,,2024-05-03T10:29:36.501Z
,,1ff4421a99793acda5dd7412cb9a62301b14ed0a455edbb776f56471bef08f8f,,,,,2024-05-03T10:29:32.440Z
,,39ad9ae3780c2f6d41b1897e78f2b2b6d549365f5f024bc68d1fe794b940f9f1,,,,,2024-05-03T10:29:27.315Z
,,25d8ae4678c37251e7ffbaeddc252ae2530ef23f66e4c856d98ef60f399fa3dc,,,,,2024-05-03T10:29:22.569Z
,,fcf1571f6cdca235565de113ef64c5802218bad231efd71a809ab3df51ce85fe,,,,,2024-05-03T10:29:14.840Z
,,05dfde82a9790943df8dfab6b690ec18711ce3558f027dd74504b125d24d6136,,,,,2024-05-03T10:29:07.798Z
,,bd43289d2e616c78c9d5807b6c2f57028cd3d23aebc4111d7d689493b8c8c87a,,,,,2024-05-03T10:28:55.351Z
,,ba94b3c97937079992864f1676b2fae79f5110613b701feaab6fd0b3cc2b8c93,,,,,2024-05-03T10:28:46.491Z
,,3f11ea10cb7dc4ed8e22de64e9218b1c481beb8b6f4bf0c1ba6b021e9e3f6f72,,,,,2024-05-03T10:28:39.261Z
,,079daa5aa34c717308dd5792b88f604b904355f32f9e2b738855ad725d9deb45,,,,,2024-05-03T10:28:32.458Z
,,59c662a5207c6806046205348b22ee45da3f685fe022556716dbbd6643e61834,,,,,2024-05-03T10:28:25.983Z
,,49a56e067a73bb6f553b8df8a354d3b3328b8fffb64a459a1e719d86df89a322,,,,,2024-05-03T10:28:14.824Z
,,db6a9934570fa98a93a979e7e0e218e0c9710e5a787b18c6948f2eedd9338984,,,,,2024-05-03T10:28:05.638Z
,,1b2eaff481b083525a42635e86bbeb6ca0e7c1c9c3d880ba29754b9a2277b962,,,,,2024-05-03T10:27:55.527Z
,,3a6ef6fe15a823394051a7d4ca69cc2d3de14f955df0db11a2790fdaeb72159c,,,,,2024-05-03T10:27:44.079Z
,,eeaf3f80e04400fa8e097fef2c84d5e32ff8c5e0cd0f46549c8651cf145ba780,,,,,2024-05-03T10:27:39.206Z
,,bfd7c97e7e949dc629d5365aeaa6c733122940f4af9f863d2f1f91f0d7c41bae,,,,,2024-05-03T10:27:36.189Z
,,beb1d567984b0775836bb55d7c1082922639fc918aeee0adf3d0f912837acb9b,,,,,2024-05-03T10:27:33.821Z
,,d1d2eaea838d07daaa5f49ede71123f340f05b4e4d706871a944c37a25dc331a,,,,,2024-05-03T10:27:29.664Z
,,9070479547acca74f761edb55754dcdb11b100809a285ba24b4b1555d190d613,,,,,2024-05-03T10:27:25.028Z
,,de3d53452a263f0a0db27627456517ba8c4b1a22937c18df899ead621e764765,,,,,2024-05-03T10:27:15.562Z
,,d5310af0e04524ea8525d72bad8c044e1e6176b2f933d0bcf4a353bdebc3356f,,,,,2024-05-03T10:27:11.546Z
,,303cea0cc11349288c6bf53b671ed75e8855e9765de6fa6d572c5bff25a78572,,,,,2024-05-03T10:27:05.775Z
,,5f99c77b368140fb2d3a120c2a58b29f1ed4be666dcdd12f02773c331bc275dd,,,,,2024-05-03T10:26:57.375Z
,,6eb2cdc80eca6faf1da8432eb50ad6e4fbd38199e3e58f284e8a3036ea345c20,,,,,2024-05-03T10:26:51.147Z
,,bdf7ee59aeba68b4ed00d1e9cea707318879e13ab79e9fd4318040fb47006c18,,,,,2024-05-03T10:26:46.695Z
,,16425cef7d62f9ce99b0a9035296ac28f73506fedffed6ae954f6e8aae5c8923,,,,,2024-05-03T10:26:40.806Z
,,91053e7a0ac759e610e9bf0ec4f2f0f5208d622502f19f97d2c1d304ce437d57,,,,,2024-05-03T10:26:34.947Z
,,07342bc4d58d187db8be1625e1b5cbb44d4ea7a8a8c3d31d817c41fd1eaf3f27,,,,,2024-05-03T10:26:28.687Z
,,0ba21281cee3abb15e0a7e95f86e956a078895224ec6a54655dcddd16c3051cd,,,,,2024-05-03T10:26:22.451Z
,,7b7acead558683f6aa1231a7955285752d52175800bc378db02fc4bceb692a4f,,,,,2024-05-03T10:26:15.893Z
,,98118b000a3cdba39bf9107e1f1f8b881b1c67f6edb2e8e9a1e12566e7b8d2b0,,,,,2024-05-03T10:26:10.829Z
,,813025d8f1a3fdc70b16aa995a3bfb9e98d920b15f08d4e214d126030a12dd29,,,,,2024-05-03T10:26:02.283Z
,,24ebae764d764c95461fdebd26a5ba5a7bbb60cc8e1b71b72d0793c937087eab,,,,,2024-05-03T10:25:56.418Z
,,94c448b0d52118b81d0b18a247c50dd9c0caf7686d8f76475584ce09735eb6e4,,,,,2024-05-03T10:25:49.474Z
,,23096635cb15fe0c854411a183f52aa153af1f80ceb5549d05acfe0625b7c66d,,,,,2024-05-03T10:25:39.367Z
,,5bcc46dbb52a34181f7ccdc60835e157c2e8300aed596a031eaae654b33d25ba,,,,,2024-05-03T10:25:29.568Z
,,143b6acbf14b1226438e1a7bed8fc5bed3c90a24dad842424f30e2ad56e6e406,,,,,2024-05-03T10:25:18.501Z
,,517193c084f2633c75c4765f236264393482cd90ae3577e0ba0e61b4ccf7847b,,,,,2024-05-03T10:25:11.903Z
,,7612296be1d70230c46cbad375598d975065cef6fb3ebe28cdfc4d35c6609d65,,,,,2024-05-03T10:25:06.339Z
,,999f5332b13ff5ebbd1321b96acaca33475e1df132a15e61483828446f72c4cd,,,,,2024-05-03T10:25:00.535Z
,,d348e9a95b10968ff702fe27cdaf8e64f11ab88f4159fd157eb7f5c1bc0a9245,,,,,2024-05-03T10:24:53.560Z
,,a395ca80cfb873364a5e27567cb3dbb0c0dacf27cbaee919856514c65ea4b60d,,,,,2024-05-03T10:24:47.466Z
,,172cf056c4225a3817ddb2bdcdde376dd4a5ed6cc2e5524f19ba445b3b11423a,,,,,2024-05-03T10:24:39.719Z
,,a909de0ffb8e9b9694ed512c5ec76cfc9fc8c1e0708660e13a9111b0573c43f0,,,,,2024-05-03T10:24:32.363Z
,,4fb7ab7274184991151161b858ee74f930e8b59d9f0b9e807dbb522e974f54e9,,,,,2024-05-03T10:24:27.297Z
,,524bf79fb64d689196bccb8574601c4da61a6e7781fb677738e48c4879049886,,,,,2024-05-03T10:24:22.582Z
,,fbc8c46336dabadeed12ce6a5b96a50c9605dbcda9c4bf4755164f830f32b2c5,,,,,2024-05-03T10:24:16.720Z
,,e22962415bd9393a922d7ebf029a6a5693433faa55c46c3154e83b15db530f1e,,,,,2024-05-03T10:24:09.193Z
,,0f620a15f15b9eef93b74edc3a35bfea6c439c29b2950ffdeb8e35415fd9db7b,,,,,2024-05-03T10:23:58.835Z
,,0157adc71c2e42c378c5805d6f2b99d0bafafd809760ea22b53b1ed768cfb32e,,,,,2024-05-03T10:23:51.690Z
,,1cc8bbdce47e122b034b2076dd01e3ecee7e59410bd2067688122b3309713fd8,,,,,2024-05-03T10:23:41.578Z
,,6a977400bdd9a748451fc873e42ac97be926bbaaa0a0f27727615c09cd94d71d,,,,,2024-05-03T10:23:34.725Z
,,268a826a0a232c25139e3ed404767011b125fbad35578e81c85ca9c141a2920e,,,,,2024-05-03T10:23:27.981Z
,,d60f838590c152827b98a79292e46473990ed5c63645320fd437d798e745b34a,,,,,2024-05-03T10:23:22.540Z
,,045aaff167a9311c700ceebf6dea43ae42c8501db851b821d12e1be439ce9db2,,,,,2024-05-03T10:23:17.288Z
,,6021d3295930e9a7949afff0f7b8640d80366b8c88187f4d90ea23353d5c729c,,,,,2024-05-03T10:23:12.074Z
,,86736e273f897721d258ebb0029f756db3c6496e2bfe4c7c077edb6f69762b18,,,,,2024-05-03T10:23:07.320Z
,,0c6c608ac12981040faf5c15c8e56a398a8e2da8cfa27fc760c3561efd2af418,,,,,2024-05-03T10:23:02.708Z
,,74cbd14dc8dde399766ad202a2d01167def0bce3596925265cd778df151c036d,,,,,2024-05-03T10:22:57.257Z
,,08677a3dac3609d13dc4a2a6868ee2f6c1334f4579356d162b706a03839bb9ff,,,,,2024-05-03T10:22:31.478Z
,,785a48daa5d6d3d1abbc91eeecf9943a0fa402084cea4e66e6c2e72c76107b86,,,,,2024-05-03T10:22:21.997Z
,,98199294da32f418964fde49d623aadb795d783640b208b9dd9ad08dcac55fd5,,,,,2024-05-03T10:22:08.447Z
,,2ed17a4d71dd3b32c7bb0c6b416079e6f33da9c5e3a1a7272976ad627edb3997,,,,,2024-05-03T10:22:01.477Z
,,7136ba78671c6c4d801957be8e768d444389a28471679a6ba713adf6b564784f,,,,,2024-05-03T10:21:57.430Z
,,3def34542042d0e1941b92497166182b45ab18b9321e1688e012a724a77cf464,,,,,2024-05-03T10:21:53.485Z
,,cd18e7b4ce63fde557aed7f2c4be1193c0e5fbcee3e6a61e1def58c6477fd627,,,,,2024-05-03T10:21:50.610Z
,,7aa474d0d39a41768149f413c451e9208f73af4d262b6575ada31644f5699153,,,,,2024-05-03T10:21:46.212Z
,,f2e38262a1478bc7b3d91d0a780bdf62068be238e17c95d93928c32182dd70a4,,,,,2024-05-03T10:21:41.485Z
,,8263e0db727be2660f66e2e692b671996c334400d83e94fc0355ec0949dce05c,,,,,2024-05-03T10:20:59.658Z
,,2f7b5219193541ae993f5cf87a1f6c07705aaa907354a6292bc5c8d8585e8bd1,,,,,2024-05-03T10:20:52.926Z
,,89b70510516eb14ac32e39df7bc5ac4ef6878f6c2b38d278cb2c70fbcb8763ea,,,,,2024-05-03T10:20:45.528Z
,,b2c6208b6636dea33243f0d199f79013772add75e477d8fd00df07371d505354,,,,,2024-05-03T10:20:37.417Z
,,5859a21be4ca9243f6adf70779e6986f518c3748d26c427a385efcd3529d8792,,,,,2024-05-03T10:20:24.864Z
,,cfc8324c59165b25b78c640ed77ebd7c867e042e09c95c218d84c5cd8e46910e,,,,,2024-05-03T10:20:11.538Z
,,152b770f144ba5c60f8d0958f5eb2a8844e88ae3dc847c1e6c5ee9df96a62f83,,,,,2024-05-03T10:20:07.816Z
,,d069bf6dc9161d11a9a3be895fd928a32df05491db19d5e2c9f433fc04f8950d,,,,,2024-05-03T10:18:10.336Z
,,37b486a32dd6975e9a9630d3235d78269d9aeef4c7f439474c5c30aa7b7acdef,,,,,2024-05-03T10:18:06.576Z
,,e8a6691172b381e1fb6287a6158ba54e48ce0eb138e493073c6f6ca30aaf3e54,,,,,2024-05-03T10:18:02.134Z
,,6ff933c5a25fac2fb86dd79adf579966c7d6627201e202a3fbff290c0fdfc244,,,,,2024-05-03T10:17:57.042Z
,,ebdd5abc9e71d60900c5081e35fc04e01e5ed1992d490d7bbf523fac3b8682a0,,,,,2024-05-03T10:17:46.835Z
,,5e22ad50f307eed575d92759980b88538b9a7f3d25a816d4b312ce020f18c7bd,,,,,2024-05-03T10:17:28.460Z
,,b77ff307ea74a3ab41c92036aea4a049b3c2e69b12a857d26910e535544dfb05,,,,,2024-05-03T10:17:23.483Z
,,1341bdf6485ed68ceba3fec9b806cc16327ab76d18c69ca5cd678fb19f1e0486,,,,,2024-05-03T10:17:18.829Z
,,028abeecbb5f096c10459447c7821244cd3dc33bcb0a3078e87ab09d3e503d81,,,,,2024-05-03T10:17:12.273Z
,,a9c17b365efee03c13613ce479cc9523efeeee0181996b55b8842830eb936e91,,,,,2024-05-03T10:17:03.154Z
,,39d1cf19ecfc7f32d6f46a7c49988e13f82dbb257e9d0cfa6ada8efbdb03a355,,,,,2024-05-03T10:16:58.344Z
,,be4cec05be9c5fdfa56e1a985394f4a0a2e8aa369367db67d882ba6532017a5f,,,,,2024-05-03T10:16:53.736Z
,,73a1e695b27f400c805f94f64c6c0c77c6a8efce9b87bf8e19125cdb992e5eeb,,,,,2024-05-03T10:16:48.000Z
,,63ff9080f50cec749aa911c44ce242d9ff57328fec1f6572c82612e471ebdfa6,,,,,2024-05-03T10:16:41.707Z
,,e3494fd2cc7e9e02cff76841630892e4baed34a3e1ef2b9ae4e2608f9a4d7be9,,,,,2024-05-03T10:16:36.295Z
,,414fbfecbd325183dd207547cca75d40ed0a4a735874c495dbded105beb074a6,,,,,2024-05-03T10:16:32.611Z
,,3a06173974414269930c0376199f01437aced2d68c8200dd80dcead312bc864a,,,,,2024-05-03T10:16:29.804Z
,,fa405c36d82b264568219b521886d2e7ef589674874983c7db1d67928003489e,,,,,2024-05-03T10:16:24.203Z
,,c30e0c3dd3a80bd166d8d70474e3ee1d013a799da9364cb3861e0e54649a2872,,,,,2024-05-03T10:16:19.066Z
,,724d54971c0bba8ff32aeb6044d3b3fd571b13a4c19cada015ea4bcab30cae26,,,,,2024-05-03T10:16:10.870Z
,,fd07ad13dbf9da3f7841bc0dbfd303dc18153ad36259d9c6db127b49fa01d08f,,,,,2024-05-03T10:16:06.246Z
,,625ed818a25c63d8b2c264d0f5bd96ba5ad1c702702d8ffaa4e0e93e5f411fac,,,,,2024-05-03T10:16:02.612Z
,,698f333140dab675d9f90a4c25ec3a52c6342c9cd8d6048a2cf5e91e8bba11e1,,,,,2024-05-03T10:15:58.720Z
,,3a7348d546d85a179f9d52ff83b20004136ee584993c23a8bfe5c168c00fbaa9,,,,,2024-05-03T10:15:51.780Z
,,4e1d59042336c3758e77c5c521f60ae262aad01bf7265581de54e869a02b65bc,,,,,2024-05-03T10:15:47.555Z
,,60ac767ebaf0c2456dff46f832dc932caa708b4a52704760ce18a4994f321d6e,,,,,2024-05-03T10:15:43.572Z
,,9e6fdbbc2371ac8bc6db3b878475ed0b0af8950d50a4652df688e778beb87397,,,,,2024-05-03T10:15:37.427Z
,,19ba40a7fa332b750c7d93385dd51bd08ee63f91cedb4ae5a93f9f33ecb38c44,,,,,2024-05-03T10:15:27.253Z
,,9d3bac28e24a997c2d2b3a955b7f0d57494950a0269f1bf31dc45fb1dadcdb84,,,,,2024-05-03T10:15:10.725Z
,,01aa0cc7081760ad0b7259f35a3e4b37b1d8c6c4ed6a03606e74646046c64481,,,,,2024-05-03T10:15:01.529Z
,,0df932043d6da40d958284ea8ee065f6269a3babdbb45ff319f2030d0d6fe115,,,,,2024-05-03T10:14:54.200Z
,,6c7e768e48b9b225b7b9f84528c53c2e6f9b639ce2e7919fe0dff9aad07ea4f5,,,,,2024-05-03T10:14:34.990Z
,,5d695ff02202808805da942e484caa7c1dc68e6d9c3d77dc383cfa0617e61e48,,,,,2024-05-03T10:14:28.621Z
,,ed7abf93963395ce9c9cba83a864acb4ed5b6e57fd9a6153f0248b8ccc4fdb46,,,,,2024-05-03T10:14:22.811Z
,,c3ea57eea9f522cfc70ef8c3b614f7e44903293a2e8354359b99efbf4cd436df,,,,,2024-05-03T10:14:18.171Z
,,85c5ba695992ed59269ea7f7a58f3453f6047729d1f68a444d450439bbccc1f4,,,,,2024-05-03T10:14:10.071Z
,,a713982d04d2048a575912a5fc37c93091619becd5b21e96f049890435940004,,,,,2024-05-03T10:14:03.874Z
,,1d4ac97d43fab1d464017abb5d57a6b4601f99eaa93b01443427ef25ae5127f7,,,,,2024-05-03T10:13:52.948Z
,,c1ee4232d1b6504fc7f93cb0478e90049a71992498ed2d701925d852e91cfcc3,,,,,2024-05-03T10:13:47.086Z
,,88a40d5b679bccf9641009514b3d18b09e68b609ffaf414574a6eca6536e8b8f,,,,,2024-05-03T10:13:36.922Z
,,51e713c7247f978f5836133dd0b8f9fb229e6594763adda59951556e1df5ee57,,,,,2024-05-03T10:13:05.539Z
,,12f58639a883b0fcfe3d2e8bcb0330b978731975c9dfa2f8e583adbafc4d534e,,,,,2024-05-03T10:13:00.370Z
,,d3d503934c0dfe75e386d0fb8da2e32238d93739624b6c5a929fe5b722b35d36,,,,,2024-05-03T10:12:55.894Z
,,56ac764b81eb216ebed5a5ad38e703805ba3e1ca7d63501ba60a1fb52c7ebb6e,,,,,2024-05-03T10:12:49.164Z
,,6c8eb3365b7fb7683b9b465817e5cb87574026e306c700f3d103eba056777720,,,,,2024-05-03T10:12:40.821Z
,,97d8725e39d263ed21856477ed09738755134b5c0d0b9ae86ebb1cdd4cdc18b7,,,,,2024-05-03T10:12:37.451Z
,,56531cc133e7a760b238aadc5b7a622cd11c835a3e6b78079d825d417fb02198,,,,,2024-05-03T10:12:32.928Z
,,d4d79be85dc98f74088d6393a8fdf2b5d947ae4f279909af2aed0221dcecfe94,,,,,2024-05-03T10:12:27.516Z
,,80cb4007b9756246404c260bc69abf5d4938a1cc217d40ecbfdd6171b02b9e24,,,,,2024-05-03T10:12:21.692Z
,,ee5eb9d57c3611e91a27bb1fc2d0aaa6bbfa6c69ab16e65e7123c7c49d46f145,,,,,2024-05-03T10:12:14.709Z
,,bfc1bafd9b01178037226fa55546d7ed7e9203c13e1b66419e887fee704d5196,,,,,2024-05-03T10:12:05.709Z
,,041e4dcdc0c7eea5740a65c3a15b51ed0e1f0ebd6ba820e2c4cd8fa34fb891a2,,,,,2024-05-03T10:11:47.609Z
,,776455581d2a2c5c042878b24c2603b820b1a85f8d03150428573979c86d3072,,,,,2024-05-03T10:11:37.883Z
,,8250b55601a05bc91cc88f36e0e99642682e4a0d2a8752afc0651c8eaa7a0706,,,,,2024-05-03T10:11:25.796Z
,,a3d3a3259ed9ca24014756cf12b98f98e0469f84d8b9a5f50c20890b29189640,,,,,2024-05-03T10:11:19.252Z
,,9b77873a6ca9d5a8981b93af0b89dc37d264ffa1884658d7595b215403504392,,,,,2024-05-03T10:11:15.846Z
,,7da5b2207cf789cf6807b6cc3373048cbc951d7fd09ca8fb858693cfa5f5edba,,,,,2024-05-03T10:11:12.764Z
,,9c3f3164cd3c1bb8cf8da2cd81466f5adba938f6a41224a3f856b49990d27ca7,,,,,2024-05-03T10:11:08.317Z
,,275db34b1b3d894ed18fba50f477ca897bb3656682c7d0ef2941bd7c696e9f80,,,,,2024-05-03T10:11:04.100Z
,,cf9ca9ee9038dfbcb31da4ea3ff72d64578de6edb6e1c5282488af9cc4e94c94,,,,,2024-05-03T10:10:59.704Z
,,ad8ffb22c51883dc73c57f68087b0e02f0f5c50f0e529c6ea7e27a81780f9209,,,,,2024-05-03T10:10:53.760Z
,,e1ecf0f7bd90553baaa83dcdc177e1d2b20d6ee5520f5d9b44cdf59389432b10,,,,,2024-05-03T10:10:16.858Z
,,9ef65843a0ef4363858ab34c63cc45e4922385cc737c19fdcb85e3407d47d9c5,,,,,2024-05-03T10:10:10.487Z
,,b2539c21a84879776151688a1ad6797d36f3554d382a5e13d20a114055e128d0,,,,,2024-05-03T10:10:03.525Z
,,d0cde86d47219e9c56b717f55dcdb01b0566344c13aa671613598cab427345b9,,,,,2024-05-03T10:09:47.500Z
,,bc59ff12f71e9c8234c5e335d48f308207f6accfad3e953f447e7de1504e57af,,,,,2024-05-03T10:09:38.092Z
,,2f5a3f784f17055140b85aa8a4ffd995fbcc5b943ae048c104cf032b3379c753,,,,,2024-05-03T10:09:32.726Z
,,6d8d5aac7ffda33caa1addcdc0d4e801de40cb437cf45cface5350710cde2a74,,,,,2024-05-03T10:09:28.120Z
,,70f42cc9fca43dc1fdfa584b37ecbc81761fb996cb358b6f569d734fa8cce4e3,,,,,2024-05-03T10:09:23.278Z
,,d36766cbc149d7f79654d2810ffe2fd3b1a6487fe3aff6ff010e664b60493cf0,,,,,2024-05-03T10:09:19.048Z
,,2408e31fd56b3817f1b0cfc219b340c3aa462a5c2510ef7d489e7397bd7db317,,,,,2024-05-03T10:09:13.806Z
,,c54840e579db04ca2f98cdde4046ddb23146c095a23a44f1c749a9e552aa0129,,,,,2024-05-03T10:09:07.947Z
,,389e03b1a1fd1c527d48df74d3c26a0483a5b105f36841193172f1ee80e62c1b,,,,,2024-05-03T10:08:59.698Z
,,75878356f2e131cefb8aeb07e777fcc110475f8c92417fcade97e207a94ac372,,,,,2024-05-03T10:08:48.306Z
,,f12bd27f02b1eb00a179675c7cc440e2e60c799138c0cbdf712687db72ad2e00,,,,,2024-05-03T10:08:31.740Z
,,ce3bf35490fb6597e0baa45e9bdc56ec5390c5ed8ce0409ea9af178d8ad57d55,,,,,2024-05-03T10:08:23.083Z
,,a9c0d79d2055eb884f7dbeac0379e7bdf45da318ce188edac75e9c1c25304599,,,,,2024-05-03T10:07:38.490Z
,,4ded42bff10c93aeeb1d19a353ee037ca3b246a118020f8025f359f33dc42c9c,,,,,2024-05-03T10:07:31.229Z
,,8595f829c533223af645ffdfb02f5a283aceae8e29d68c469b96b7c5a8007bfe,,,,,2024-05-03T10:07:23.594Z
,,fb79bac161d00c6ce9ace12d4b52bd716e9dbdd347f68545095fabc33e51b4df,,,,,2024-05-03T10:07:19.408Z
,,d4d8a8cd8da49c7ae974d6774458d6267463eb62e798ced51865e7f88a64969e,,,,,2024-05-03T10:07:13.863Z
,,30b76a92f4449870f02cafd1a7c00d764947bd25a661837b684d27cd107c7616,,,,,2024-05-03T10:07:05.254Z
,,8fdf24b044fdeff79abf0efbfcb95185692c4cef006c9a8f1b4d074f423ac3c8,,,,,2024-05-03T10:06:56.234Z
,,3675db37a5c08fdd062e3b5aae428ca2346375c05ca2ab252ef8403d2ce655e9,,,,,2024-05-03T10:06:49.483Z
,,3fcfb2d1b0132cce25ea6fbede030258d64269133eba1800a43238e30e64083d,,,,,2024-05-03T10:06:42.794Z
,,3021304c11046f22179667dcd9fb146a7f05f4dff6a4960b193596934300be91,,,,,2024-05-03T10:06:37.773Z
,,79e49f532968d8b8ffa58e61e72135d2faf6e7384733f1e6386c9169d746138a,,,,,2024-05-03T10:06:31.440Z
,,d147e69bd47cd504ca555fcad15081ac5bd79b584794a93d5b250eb73d05b186,,,,,2024-05-03T10:06:25.642Z
,,58122db330a7b61a8cc416e2d141ef32dfee3654afc9b19912792f6bfa18691e,,,,,2024-05-03T10:06:19.687Z
,,d29b6d3a43795f840214bdc2e46255566c9840e8aa16cce8704b8eaf34cfba83,,,,,2024-05-03T10:06:15.160Z
,,bb13594ee346f3c55abdccf97138f094b88486e5e6b824da635af599e08b0aba,,,,,2024-05-03T10:06:11.510Z
,,fcc8370fcb067bbb5bc17c513febdb13686f7a7c1b3df99d2be6e573017df0e6,,,,,2024-05-03T10:06:05.716Z
,,3aac0e9e7c8d70a1e80db5d8724997a7cc41273985a4bd151d6989cded44a5dd,,,,,2024-05-03T10:05:59.494Z
,,d3dfd9d66ff6e1651144877a7695303dec346e27cb2b78c851b10faf8957ae62,,,,,2024-05-03T10:05:54.383Z
,,9fd9a04134b3d43f451c21c5df09d603132aefe6149b0842eb810710276e31ad,,,,,2024-05-03T10:05:49.083Z
,,facbc06738fddf926ffa22f3822883eed8e0df04ec37329cc948e89de7b26685,,,,,2024-05-03T10:05:45.164Z
,,54d67f153de6ba73daf1b037057cf5c0550cfb6c0aee53c5d5119a9a3647b300,,,,,2024-05-03T10:05:41.445Z
,,f29b6d75260871139b2e4ecc54b4c795d82c5851cac1a86591a3e0cb98d40fcb,,,,,2024-05-03T10:05:38.286Z
,,aebc85e64f09bf1666ead3ff170b2a674b97addaf1121567e6260204b9efb8b3,,,,,2024-05-03T10:05:32.551Z
,,5a5fb377785855488f45a8fd8f6e089eaf9bdeda34712958bc038594326d2b72,,,,,2024-05-03T10:05:25.436Z
,,deb51e50b4628567f8690316317083aa337b10d9a23cbbf5d8a21b6d6e8e194f,,,,,2024-05-03T10:05:10.258Z
,,f1c63b15b0244a6f956cdbfc811d1990be99f8e5fa4027403b4f1aaf1de312a2,,,,,2024-05-03T10:05:06.046Z
,,bc642f33c7dfc74e1a4bda2b237aff0ef3e6ac7ca660d7053583f5bd911c9aea,,,,,2024-05-03T10:04:59.977Z
,,26a4e74b548f6ff0a1d4ef3964b04f907e44bb0b2561667e0d64feb9714ad1ae,,,,,2024-05-03T10:04:56.012Z
,,b8852e23dad58a52105cb1ef77e8b3601f5d788dc4aef0bb3d0c1e9722877ce9,,,,,2024-05-03T10:04:51.728Z
,,989d34e7e12df031098bc9898451e765b2a79c9af7416ea9906f81e95755cc20,,,,,2024-05-03T10:04:47.397Z
,,ba17f2ed642b9376a974263ac207dc55385c8d09119c89c5b1afb3b20215705a,,,,,2024-05-03T10:04:42.216Z
,,dd4a1d6b9752677f41861a343945230cbfced64ed31d24977557d7307897545d,,,,,2024-05-03T10:03:16.023Z
,,16ecd7f6cee4df291791dbe2af0044c39370208ce5330e2a0d0f47d58c47b9ff,,,,,2024-05-03T10:03:07.742Z
,,ab9278030cac82ef3bb396e863623f7d794b34db5606fe30917195b2b8d275d6,,,,,2024-05-03T10:02:59.462Z
,,f13f99c81a1276fe2eb0880121045fe818d92e202bba6a4114aa8fd1b30c0a16,,,,,2024-05-03T10:02:51.474Z
,,c9fedcebee76e5b87d5c920bbe8af9d1696e64064293c2f4390c8b85662ed5e1,,,,,2024-05-03T10:02:42.908Z
,,c751e1c7719418268a13265e895c3a1bd352edf7f12d35fa23430ed2fbdf6d30,,,,,2024-05-03T10:02:37.658Z
,,6f0735857b80bb51e48efcde7e35fa748bbcde522e769d4fe39c81e57095d076,,,,,2024-05-03T10:02:31.265Z
,,0e967868c1f693097857d6d1069a3efca1e50f4516bb2637a10761d9bf4992ff,,,,,2024-05-03T10:02:26.518Z
,,4a6a8f6c1322b7422ba3d72fc223860d0be9073cde27bcfe5365f8135f1ae441,,,,,2024-05-03T10:02:21.278Z
,,e3aafd9f478b82cbb53ec020cdc2e00e0c4de60a7f66a1166e54ab75b6a9e8c3,,,,,2024-05-03T10:02:08.091Z
,,961548394dfa60bd4c724233ea8f9b77ac4adfa7d3dca17b3e81375a9879ce31,,,,,2024-05-03T10:02:02.999Z
,,df35ae0d0b0981dcee4616fc5f7e5fa69d6d2b73cbd500fb9950eb0bbaabdc74,,,,,2024-05-03T10:01:56.852Z
,,cf1705c39dc3dbf65856ac6f5462027d9a290ab2d38da08f76aabd684b8a9944,,,,,2024-05-03T10:01:52.721Z
,,ed7b5c16cb5c4f56b3ded279688b693ec52389cacc0b81e940b0591b7f68aa84,,,,,2024-05-03T10:01:46.301Z
,,914eb64b93cbb631c710ef6cbd0f9cedf93415be421ccc6e285b288b87f3a246,,,,,2024-05-03T10:01:41.602Z
,,01bf58c650b6ba30733c14026fcff4ecfc24becdd05637a84ef2a7e86aff3fe0,,,,,2024-05-03T10:01:33.663Z
,,4f6e68bff29aed584a68c21616dd8c052ba0eee220c911d98b9bb9fabe7db06a,,,,,2024-05-03T10:01:16.679Z
,,a42ad8581998ed634c22f264043bfca4e5e4506f09d4a00fc2ede1080dc5f526,,,,,2024-05-03T10:01:03.851Z
,,0d2def167ecf39a69a7e949c88bb2096cfd76f7d4bf72f1b0fe27a9da686c141,,,,,2024-05-03T10:00:55.431Z
,,bb02cfd5ea00a13f498de92cf2ec722e927d33f9d8e1d3f8acbc9c6b199812bb,,,,,2024-05-03T10:00:49.739Z
,,ec47184e810be9dda3a85a4ccd42abfffe818b49bd2262774991fec10604dcff,,,,,2024-05-03T10:00:44.342Z
,,e723e6cf2b594fe223ac0b8fcdff7b90d85692d2c06de9c0702c680b2ed80f85,,,,,2024-05-03T10:00:38.270Z
,,69c8d75a339e6f268f00968bfc64eeac2dda8d66a48fcf95f0f65495d19fb558,,,,,2024-05-03T10:00:33.050Z
,,5124f1b8847074cf927f1fe6dec6657a3a50c32e924f7ff915c926604c207b25,,,,,2024-05-03T10:00:29.759Z
,,d519c1659a884e541c52d8eb1c5135720315f3a31ac8bfbabc2a58e46c9b96e5,,,,,2024-05-03T10:00:24.237Z
,,2cba05857dabb53a97cf68426e0106013db008f3d244ba981349f325d7eb85bc,,,,,2024-05-03T10:00:09.292Z
,,6b1db4f891aa9033b615978a3fcfef02f1904f4eba984ba756ff5cd755d6f0b4,,,,,2024-05-03T10:00:03.923Z
,,fa52844b5b7fcc0192d0822d0099ea52ed1497134a45a2f06670751ef5b33cd3,,,,,2024-05-03T09:59:59.703Z
,,ea2264f56ba315c4db49d06cce12365875502686f8f748570cb5a99cb213f008,,,,,2024-05-03T09:59:51.611Z
,,b9ef2e948a9b49a6930fc190b22cbdb3571579d37a4de56564e41a2ef736767b,,,,,2024-05-03T09:59:35.579Z
,,8a99353662ccae117d2bb22efd8c43d7169060450be413af763e8ad7522d2451,,,,,2024-05-03T09:59:28.105Z
,,b39cf2218535d8c828c45428efe2a077125592c247dde07584c1d9aa8ea14e65,,,,,2024-05-03T09:59:20.249Z
,,30115717d20e469e7c4bf45489f6c6d8810f32b1b68b6aa4b0ffcb21764ea99c,,,,,2024-05-03T09:59:11.931Z
,,b940f2d1805fc5c19f8ee415d3b24079de36f052cf2ef64993bd88c2a45726e3,,,,,2024-05-03T09:58:58.571Z
,,6f11438f64f4be0f8adf896dabafdfc2d9739347706a4d38ab2de0adb34a02c1,,,,,2024-05-03T09:58:48.926Z
,,cfb94506f4816034410ecd86a378b9f29b912ecb68c88c8ae0bcad748968cb6c,,,,,2024-05-03T09:58:41.572Z
,,6b3f835acbd954af168184f57c9d8e6798898e9ee650bd543ea6f2e9d5cf6378,,,,,2024-05-03T09:57:36.639Z
,,6573045cf142882cdcd37e79b21509224f9f7df22f70f80091e1c3c2cda9714d,,,,,2024-05-03T09:57:31.034Z
,,1dacdc296fd6ef6ba817b184cce9901901c47c01d849adfa4222bfabfed61838,,,,,2024-05-03T09:57:25.516Z
,,31d4e1b2e67706fda51633b450b280554c0c4eb595b3a0606ef4ab8421a04dc9,,,,,2024-05-03T09:57:19.460Z
,,ac1837b37a495bedf644a2824cd36f2bfb34cad122c26e1fe497146a8f2a16a4,,,,,2024-05-03T09:57:10.396Z
,,3f366cced9473cfbeda0245f5817699d5beb81d0ab4d2c81e1e3dcb7dce7465d,,,,,2024-05-03T09:57:03.266Z
,,cb71b31af4bc5a5d3f541beff87ecbfd55f24ba7ad6249484608e359d880f2dd,,,,,2024-05-03T09:56:57.732Z
,,8c42321dd19bf4c8d2ef11885664e79b0064194e3222d73f00f4a1d67672f7fc,,,,,2024-05-03T09:56:47.532Z
,,613c8a8b7b723704469e31be829499b7d36b9fdc62b9850f1c6522fd4c81ea3f,,,,,2024-05-03T09:56:38.892Z
,,a2a77cefd2faa17e18843d74a8ad155a061a13da9bd548ded6437ef855c14442,,,,,2024-05-03T09:55:54.869Z
,,5a518bec337c784911f79daba99a502fcbfa9d4fc417b2717e5dfa153be20881,,,,,2024-05-03T09:55:48.292Z
,,4ff6a97d06e2e843755be8697f3324be36e1ebeb280bb45724962ce4b6710297,,,,,2024-05-03T09:55:38.970Z
,,75ef6ea0265d2629c920a6a1c0d1dd91d3c0eda86445c7d67ebb9b30e35a2a9f,,,,,2024-05-03T09:55:32.370Z
,,d079ce92d7940c7a008c63f0f6362e3d6d311839d79dd1bda9bed09181599b7d,,,,,2024-05-03T09:55:23.591Z
,,3195fe1a29d0d44c0eaec805a4769d506d03493816606f58ec49416d26ce5135,,,,,2024-05-03T09:55:16.215Z
,,0b74fc2594b25987841a7897aff323f4165519e6c26d679256cb0d282a6f0147,,,,,2024-05-03T09:55:08.276Z
,,f8d86ffd1ceea5c6d9c8708300d6aba84de99ad731ae6b4f174bd819eb64797b,,,,,2024-05-03T09:55:02.092Z
,,1867a26af7d2f8978fc3a453406754221774952d5f79e2f600bb9c4fce6e4c82,,,,,2024-05-03T09:54:51.452Z
,,8e4566f6d96ceb7706f6365fae8129a8601c54e64e547335c5ca63692b58c2ca,,,,,2024-05-03T09:54:35.141Z
,,d9771a04128e50870a96bc7ac8605982205011b723810a04a3411a1ac7eba05d,,,,,2024-05-03T09:54:26.651Z
,,0d8b4a07e91e02335f600332644e8f0e504f75ab19899a58b2c85ecb0887c738,,,,,2024-05-03T09:54:21.554Z
,,00a48c79f453fa1b13c3f37feae3711c7ec35fd82b7bde2432d8c56ccdaf544d,,,,,2024-05-03T09:54:15.816Z
,,f2665f89ba53abd3deb81988c0d5194992214053e77fc89b98b64a31a7504d77,,,,,2024-05-03T09:54:07.821Z
,,63e28fc93b5843002279fc2ad6fabd9a2bc7f5d2f0b59910bcc447a21673e6c7,,,,,2024-05-03T09:54:01.718Z
,,3ea6df18492d21811421659c4cf9b88e64c316f2bef8a19766b0c79012476cac,,,,,2024-05-03T09:53:53.805Z
,,3f544039415b2b481f6f8ade14d49638e2b1a7e039f4a2a25139451ab2a95b8c,,,,,2024-05-03T09:53:46.928Z
,,1a00c3f9173ee4c6f944e2dcebe44ca71f06455951728af06eba0f945e084907,,,,,2024-05-03T09:53:40.374Z
,,325dfac6172cd279715ca8deb280eefe3544090f1583a2ddb5d43fc7fe3029ed,,,,,2024-05-03T09:53:31.995Z
,,a37a290863fe29b9812e819e4c5b047c44e7a7d7c40e33da6f5662e1957862ab,,,,,2024-05-03T09:53:07.745Z
,,a260d222dfc94b91a09485647c21acfa4a26469528ec4b1b49469db3b283eb9a,,,,,2024-05-03T09:52:53.973Z
,,e1d9effa8a56d23dbcefd2146eb5c174a245b35a4f718473452135bd064a2157,,,,,2024-05-03T09:52:44.563Z
,,cc1afdb84e6ccc25f2041fb047caa5d577078441b206b72167020bba0b6156dd,,,,,2024-05-03T09:52:38.394Z
,,a100be64090a69a7b95f0f75dcee26f68d7a513cef8a648c83febd379edd8451,,,,,2024-05-03T09:52:32.989Z
,,0f97d13cf263ca75cbcf587bb5f2c3ba981ccae7ddb94bb4bc813f6083b00e04,,,,,2024-05-03T09:52:27.357Z
,,87d86efcbf3d9a386698a3a67f27769b29ca27536cb60faff67e21a08fd568d8,,,,,2024-05-03T09:52:23.057Z
,,51105920c03dd163ecff13d648e4db2579fb66933b0d1e93e3a285f93ce40e65,,,,,2024-05-03T09:52:18.995Z
,,add322e795b3eed2d62b259fcc3daba7bfa6658ac0be6e9262905cba8ffcc6c5,,,,,2024-05-03T09:52:13.576Z
,,993ee9f39003c5221f270846c0df668b4b3258e6f72ad6cc3c1f3e14c5f16ae9,,,,,2024-05-03T09:52:04.654Z
,,26c356d985540af75522f76dc58e714aaca12b81adb2ec6ae0f208fb01d562e5,,,,,2024-05-03T09:51:58.273Z
,,337d31222e75f44aa7b9a9df5a0cd602bb974dfca32755603f287e0aea84b1cf,,,,,2024-05-03T09:51:52.571Z
,,d3024337368738829d3c900b26096f281f0c7515951918feddd0d10cd17c6abe,,,,,2024-05-03T09:51:41.727Z
,,d2404be59ce484ea9579f6cc1d15f0b4c952c7bc2f2b9ce1295c493248c29bce,,,,,2024-05-03T09:51:26.471Z
,,2d3b5e053e27008d1275bcc478861d02338132c8145058d9bb3af09d31874360,,,,,2024-05-03T09:51:14.481Z
,,40902f482be77455af14009ca7ec71c8b1b78cc12af7d51319cc47f92387026f,,,,,2024-05-03T09:51:08.977Z
,,1ba1db0dc3d3c74387c47045d26e9b1ef6c9a31b63375d07acdcd4e5a33fbf73,,,,,2024-05-03T09:51:02.020Z
,,e14f32bdfbb2dc1117736029677effdedec2f570d73092261ba98f040a1b282f,,,,,2024-05-03T09:50:56.955Z
,,2641bc194d9d59b18a87e361474339cb6b6cb721a710ca3bf958aa3c3a422553,,,,,2024-05-03T09:50:42.331Z
,,ff3ec235c80df9e9b340cdddc4d253b2c495446dd27158f9afb88d9b604a1dac,,,,,2024-05-03T09:50:26.738Z
,,128aca58be325174f0220bd7ca6030e4e206b4378796e82da460055733bb6f4f,,,,,2024-05-03T09:50:19.159Z
,,2626de2dd294da0271bf8e705cbf66502ecc0b0d3c14ee46e8a1854c2e060087,,,,,2024-05-03T09:50:13.772Z
,,dc9b5e8aa6ec86db8af0a7aa897ca61db3e5f3d2e0942e319074db1aaccfdc83,,,,,2024-05-03T09:50:03.175Z
,,07fb252d2e853a9b1b32f30ede411f2efbb9f01e4a7782db5eacf3f55cf34902,,,,,2024-05-03T09:49:54.825Z
,,6b236d3fc54d36e6dc2a26299f6ded597058fed7c9099f1a37716c5e4b162abc,,,,,2024-05-03T09:49:29.452Z
,,d9131bf2e2e2a80c319ed6ffbe5c726fe30eac50902705096d2610de52a774e2,,,,,2024-05-03T09:49:23.733Z
,,3661ff2a050ad47fdc451aed18b88444646bb3eb6387b07f4e47d0306aac6642,,,,,2024-05-03T09:49:15.822Z
,,daa56e7acd5fb69ecefdbf5179c5ef4776ccc41ebe7e14920f11b84678c83a00,,,,,2024-05-03T09:49:05.820Z
,,aef92be267a05cbff83aec0f23d33dfe0c4cdc71f9a424f5a2e59ba62b7091de,,,,,2024-05-03T09:48:54.117Z
,,989c042ab9a07b11026bce78dc091f25fa51cb5e310c668904afc7939b197624,,,,,2024-05-03T09:48:45.729Z
,,a963a8a8e1583081daa43638744eef6c410d1a410c11eb9413da15a26e802de5,,,,,2024-05-03T09:48:34.449Z
,,5218ea3cfcc44010b18418240a2f2dd81cff0a52d5ba4a300b42563e346bf844,,,,,2024-05-03T09:48:26.254Z
,,d800e466a5457ca63d18fcaaf8afea7743c94e26c847ba55175d14b1f0da2408,,,,,2024-05-03T09:48:13.387Z
,,9432024a253af6bbbd19d011547117edafff8a18b10c0ac739661999ad9ba2a2,,,,,2024-05-03T09:48:05.109Z
,,b0620f36f136d0c8e4c036a67798de2902bbd45bd21bd026102d53285d56622c,,,,,2024-05-03T09:47:58.348Z
,,4a74f20641f31d3b0b63bb7baf4ff02fe8f11257fcf228aefc31d3e05cbf35d4,,,,,2024-05-03T09:47:54.577Z
,,8fababb509ad8230e4d6fa1e6403602a97e60dc8ef517016f86195143cf50f4e,,,,,2024-05-03T09:47:46.563Z
,,4e953ea82b0406a5b95e31554628ad6821b1d91e9ada0d26179977f227cf01ad,,,,,2024-05-03T09:47:41.769Z
,,fd61a5cd1a83f68b75d47c8b6041f8640e47510925caee8176d5d81afac29134,,,,,2024-05-03T09:47:35.100Z
,,855cf3a6422b0bf680d505720fd07c396508f67518670b493dba902c3c2e5dfa,,,,,2024-05-03T09:47:31.696Z
,,3cf5d98266109c440f0ccc5001bdc6792c748b2dd85f81b9193b1ecec25015ce,,,,,2024-05-03T09:47:25.750Z
,,46335682950d027a83a7eb5a33c3f31e670887d362789b945b3deb023d3f6c24,,,,,2024-05-03T09:47:21.320Z
,,894b42a976f69a30d1877ae730401e1608dde27c20363c5dc49a192f264a46ca,,,,,2024-05-03T09:47:06.624Z
,,b64f5958bc2194fc86c62d0ec32ca54ca38bd372bb99a7a739b7020d99d7027c,,,,,2024-05-03T09:47:04.081Z
,,192af154453d41dbf1a0b9cb420bc1b485d23fd87643e8ecfa72d75e232d1481,,,,,2024-05-03T09:46:57.524Z
,,8fea15f2e263191ea446409ae2a9abc7dbef1bcf41084e858e1d0ac751218ba4,,,,,2024-05-03T09:46:52.398Z
,,68b9efd674574c3d52e9a4907a639a356acebd90475dc0a7515c56aace0f8863,,,,,2024-05-03T09:46:47.607Z
,,76e1d86e05741321e42c18552d335e4c1c76c225fcda66907e962ec0b463b479,,,,,2024-05-03T09:46:39.912Z
,,ffd2d3888b6b1289e380fa040247db6a4fbd2555db3e01fadd2fe41a0fa2debc,50,,,,2024-05-03T09:46:31.782Z
,,ceb2be4bf1e142939e2c606b1e155dc710700a1f562e6ca94392432b01ad95a9,,,,,2024-05-03T09:46:31.742Z
,,fdf6dae772f7003d0b7cdc55e047434dbd089e0dc7664a3fae8ccfd9d10ece8c,50,,,,2024-05-03T09:46:30.137Z
,,e7b78f16d0dfc91b4c7e8fd50fc31eba1eb22ec7030af9bf7c551b6019c79333,50,,,,2024-05-03T09:46:28.474Z
,,fc44018b7432d9e6a1e98f723b0402101fa6e7483d098b10133aac142c0a4a0b,50,,,,2024-05-03T09:46:28.472Z
,,df71219ba6f5835309479b6e3eaca73b187f509b915420656bfe9a9cc32596c2,50,,,,2024-05-03T09:46:27.058Z
,,d7367d41d19baa4f1022f8eb47f7ff1e13f583265c7c26ab96d5f716fa0d61ee,50,,,,2024-05-03T09:46:24.547Z
,,c81cfe4d3b98d0b28d3c3e7812beda005279bc6c67821b27571240eba440fa49,50,,,,2024-05-03T09:46:24.492Z
,,b10e47db989e29ace6c23ed15e29f313993f95e5e615711060881dfa84618071,50,,,,2024-05-03T09:46:23.302Z
,,b050a1ff0d205f392195179233493ff5b6f44adc93fe0dba1f78c4fe90ebcc46,50,,,,2024-05-03T09:46:21.198Z
,,aa9e6006bce7d0b4554165dba76e67c4a44d98090c9e6ac9f3dca726f6e9adbf,50,,,,2024-05-03T09:46:20.909Z
,,9af8720766c5f3978718c026c2263801b08634443c93bd67022c56c6ef531ef3,50,,,,2024-05-03T09:46:19.219Z
,,8eb9c1eaecd0dcdd242e1bc8c62a1052915b627abe2de8ce147635fb7da3bfcc,50,,,,2024-05-03T09:46:18.181Z
,,88cea61218bdeea94537b74c67873e75b8ada6d050a30d311569c3118d161c46,50,,,,2024-05-03T09:46:18.154Z
,,32bfb72eff22da6cb03549ed05b2c98eab25236703387b138391a7934818d426,,,,,2024-05-03T09:46:18.140Z
,,712d9abe8fbdff71642a4d377ef920d66338d73388bfee542f657f2e916e219c,50,,,,2024-05-03T09:46:17.916Z
,,66f21251d7f8c58316f149fec104723beb979a1215ad4e788d83f0ee6fd34696,50,,,,2024-05-03T09:46:17.443Z
,,48130a7c09a5c92e15b3fc0d2e1eb655e0bd8f759e01ba849f7734e32dbc2652,50,,,,2024-05-03T09:46:17.356Z
,,5631980fab33525f4de1b47be606cd518403f54fa71b81186f02dbf7e9ed0004,50,,,,2024-05-03T09:46:17.345Z
,,45bf2c9c6628d87a3cb85ee78ae3e92a09949185e6da11c41e2df04a53bb1274,50,,,,2024-05-03T09:46:16.729Z
,,3123a458a6346fd14c5bd7d41cda6c9c9bdabc786366a9ab3d5e7c00132ff835,50,,,,2024-05-03T09:46:16.452Z
,,246142a5e3f3d3f84d8b38f98ff6897b03628e06e31016b8fafc9eb8c2b6201d,50,,,,2024-05-03T09:46:16.442Z
,,0e6eb17664943756cab434af5d94fcd341f154cb36fc6f1ef5eb5cfdce68975f,50,,,,2024-05-03T09:46:15.917Z
,,037331ab84a841b9d3cfb6f8797c1695e2dc0a2cdcc3f8f3c794dfaa50bcf0df,50,,,,2024-05-03T09:46:15.798Z
,,115e15fbee077a9e126cc0eb349445df34cc9404245520c702fadc5f75b6f859,50,,,,2024-05-03T09:46:15.761Z
,,d19d5523e41439278c80d097d8ba50c5c1747d00c81df1b0203bf55934d5d298,,,,,2024-05-03T09:46:14.916Z
,,556755cdda5d822c4761bdbe2a531b3e16274f05adf1d69d572b5df5541d4e7d,,,,,2024-05-03T09:46:05.799Z
,,ac7068caed0df4e6427d635b4379a2eacf6ee03ed700b9f6ae74e9fe047381f1,,,,,2024-05-03T09:45:59.945Z
,,3b2ff5d182a3699da3375efb990215a85954482fd9d91b8115430d4be3ccd8e9,,,,,2024-05-03T09:45:52.461Z
,,3309963bded5870306c80588776bbf779ea00479458e5ff1680626457e74628c,,,,,2024-05-03T09:45:45.885Z
,,3bf3ace052bdafba924670d658c461bd1170f072edcbe0a685ed2deaaf712de3,,,,,2024-05-03T09:45:36.467Z
,,1058708fcb24353bd7c3bc6e89fef09410bedcde177d8e2e4d10aacf655f3e7a,,,,,2024-05-03T09:45:31.488Z
,,9c9f7174d1c79569ac3464aa9a997d09d44c2094ce1b80a5e63c115edc140c56,,,,,2024-05-03T09:45:24.982Z
,,795cf4ca5cba83406c38f2a398921bf9c24045ad1006aff3488a013e72a5a605,,,,,2024-05-03T09:45:18.801Z
,,615854eefe11f3eb59abd20350686392856a6c7175f905bd11520043598f499a,,,,,2024-05-03T09:45:08.628Z
,,2dd55886abcbbdf046de4a541725b683cf01e1a32a67535fda33c0222f813863,,,,,2024-05-03T09:44:53.354Z
,,58531f6b674dd79e4f7788e4f7c0d2fbbcf83053bd384aaf7e0713bcbdabddd0,,,,,2024-05-03T09:44:41.481Z
,,e05de3e4a03369192856a167f2865eab3062a102b23bfdde5c0f622b39cd159a,,,,,2024-05-03T09:43:59.442Z
,,61a1f3b4fb4dbd2877c91e81db4b1af8395547eab199bf920e9dd11a1127221e,,,,,2024-05-03T09:43:52.275Z
,,45e8351df8609635fc45baa7a7cb12ff0c4057b5de484d6412f09097c411d8a2,,,,,2024-05-03T09:43:36.814Z
,,37ca2e37e1dc26d6b66ba041ed653dc8ee43e1db71a705df4546449dd7591479,,,,,2024-05-03T09:43:26.711Z
,,b8212f866c5cdf1a823031e24fe10444aab103d8fb55a25821e1c7c7366e580f,,,,,2024-05-03T09:43:12.189Z
,,ff2b9b6121b3812a344144bfa4082c8b7567af1e75e352fde64eee6d060b18d8,,,,,2024-05-03T09:42:40.165Z
,,f3b5cf1e40aed4567a8996cf107285907d432b4bc8cc3d0b46aae628813d82d4,,,,,2024-05-03T09:42:31.443Z
,,3e59b5a07becf6956ee9271d57135d4d6524bfc3f4e9bd7866c16810f4ff3020,,,,,2024-05-03T09:42:23.340Z
,,b9027e616dd247d7cd43528f878903185aba467ed896dc0cf28722be19b0492e,,,,,2024-05-03T09:42:10.851Z
,,c3a14dab06866ce635b45196022a35fe99e1d7ceccf8b378cc807249771e6e42,,,,,2024-05-03T09:42:02.955Z
,,fe8f99445ad139160a47b109a8f3291eef9c6a23b4869c48d341380d608ed4cb,50,,,,2024-05-03T09:41:33.464Z
,,afeaf8bd61f70fc51fbde7aa63f5d8ad96964f40b7d7fce1012a0b842c83273e,50,,,,2024-05-03T09:41:31.626Z
,,5c430e2770b59cceba1f1587b34e686d586d2c8ba1908bb5d066a616466d2cc6,50,,,,2024-05-03T09:41:29.353Z
,,7fc54a287c08cde70fe860f7c65ff71ade24dfeedafdfea62a8a6ee57cc91950,50,,,,2024-05-03T09:41:29.315Z
,,1a87e1b41341ad042711faa0c601e7b238a47fa647c325f66b1c8c7b313c8bdf,50,,,,2024-05-03T09:41:28.009Z
,,02e8ea9a58c13f216bdae478f9f007e20b45217742d0fbe47f66173f1b195ef5,50,,,,2024-05-03T09:41:26.994Z
,,1724a0a3c9c73f4d8891f988b5035effce8d897ed42336a92e2c9bc7d9ee7f5a,,,,,2024-05-03T09:41:03.270Z
,,a294620543334a721a2ae8eaaf9680a0786f4b9a216d75b55cfd28f39e9430ea,,,,,2024-05-03T09:40:56.725Z
,,9ec6d3bc07743d96b723174379620dd56c167c58a1e04dbfb7a392319647441a,,,,,2024-05-03T09:40:43.094Z
,,6e0299175b5732c71451a35cf232325be17d1fae3d427526da2fb0efe284293d,,,,,2024-05-03T09:40:32.823Z
,,b26ab88b513ae0fecc2af853a1ad3acf789f66e8685a731edf0bc81c55748f88,,,,,2024-05-03T09:40:28.238Z
,,c512893ba9865c7a0792b26d9804f7e5acfa36327072e839c4b99524f9dbe3bd,,,,,2024-05-03T09:40:24.040Z
,,ea67d76e9d2e9ce3a8e5f80ff9be8f17b2cd5b1212153fdf36833497d9c060c0,,,,,2024-05-03T09:40:12.554Z
,,3577845d71ae995762d4a8f43b21ada49d809f95c127b770aff00ae0b64264a3,,,,,2024-05-03T09:40:03.961Z
,,de33dfce8143f9f929abda910632f7536ffa809603ec027a4193d5e57880b292,,,,,2024-05-03T09:39:55.506Z
,,b690394540cab9b7f8cc6c98fd95b4522b84d1a5203b19c4974b58829889da4c,,,,,2024-05-03T09:39:47.379Z
,,de984eda2dc962fde75093d876ec3fe525119de841a96d90dc032bfb993dbdac,,,,,2024-05-03T09:39:38.779Z
,,3ea6b2b51050fe7c07e2cf9fa232de6a602aa5eff66a2e997b25785f7cf50daa,,,,,2024-05-03T09:39:32.099Z
,,383a2d8f421ad2f243cbc142e9715c78f867a114b037626c2097cb3e070f67d6,,,,,2024-05-03T09:39:22.471Z
,,d1763e66be583b16818a92a0e606239cfec2145367c131dc19c8a2319a580b84,,,,,2024-05-03T09:39:12.960Z
,,0fde92dc9323e4e3950a6f68ed92eb15a6ae009a00e8e004cd49af76b874151b,,,,,2024-05-03T09:39:04.308Z
,,90e6ebc879283382d8b62679351ee7e1aaf7e79c23dd1e462e840838feaa5e69,,,,,2024-05-03T09:38:53.987Z
,,d9da54cdf6ea7ac11a79744944ebc79887cad13fec351aef6ac4ae62029c9c36,,,,,2024-05-03T09:38:47.653Z
,,47beb879956226312ce6e72e5e9441fb290f8d47a775779ff50a15a39af48bfb,,,,,2024-05-03T09:38:38.632Z
,,0f2e366b7e068f82a75bce0bbdd1d09c1185c828a218462f028b566d4dc0688e,,,,,2024-05-03T09:38:29.850Z
,,b27b370597fc8155f518dbc07f188c30ebc8e1d210f181acaf36ddb20714d64e,,,,,2024-05-03T09:38:20.972Z
,,14cf87a14700a36d19e4fb98034437adc054417facb45356f296fe0cfe5d28f4,,,,,2024-05-03T09:38:12.047Z
,,60cff9adcebc48dd6e410101b9dd66d801e3690bbc99fa784dbfc939613beaa3,,,,,2024-05-03T09:38:05.919Z
,,5f3a8b41da79733cdb5ac47dedb4addd8de61f26311e07922bf9ff4dbbb06768,,,,,2024-05-03T09:37:57.970Z
,,9c17d31faf086254c7db10cbc475ef4432099dd9a0c8f2f7bd1739a370995465,,,,,2024-05-03T09:37:53.388Z
,,2bdbfb02c6fdf7e4deeae0445aeef7f70f72d3d3ed19bad645e452b7821365b2,,,,,2024-05-03T09:37:47.787Z
,,9cb1c40e2895ed31ddf84be6be358d7c93cccc8678bf42638804562fb084a28e,,,,,2024-05-03T09:37:43.554Z
,,2e0492507ed4127b25e523444b205c58312902fa0bf2f5697c184049af5e4e18,,,,,2024-05-03T09:37:31.015Z
,,3407bf876e208f2dce3b43ccf5361c5e009ed3daf87571ba5107d10a05dc7bc4,,,,,2024-05-03T09:37:22.533Z
,,be36ce1e79ba6f97038a6f9198057abecf84b38f0ebb7aaa897fd5cf385d702f,,,,,2024-05-03T09:37:15.579Z
,,5bda2ccd3e92981caa7e60e21efa4fb96b6d1f3657361232e4958d900d816d6a,,,,,2024-05-03T09:37:08.155Z
,,220ddbf0601a6209aae0ae92cb8e4b144c49ed52cfc6eff7ab909bf380f8a0f9,,,,,2024-05-03T09:37:03.031Z
,,3ab776f19b14952670ae9b79ce9b27761714ac1bf424afd6688f5759dc903e4b,,,,,2024-05-03T09:36:57.934Z
,,9d5e19732f393fcceb6f348b91eeb997f79b9b13270b90ad728acfc59a21e71b,,,,,2024-05-03T09:36:52.923Z
,,06e54503e102c2fbaa163bea456ee66b0e2d9abec2a0670fc8f7719e223ea257,,,,,2024-05-03T09:36:46.369Z
,,0170c6a860c530c4bb9ee260c66bcf29d0fdf32c4297255f60c1785cdd1f2309,,,,,2024-05-03T09:36:40.279Z
,,47fa907c50a09bc2fc41cf50afac4e178f7ce51c9592f18335db53976e87e92e,,,,,2024-05-03T09:36:34.556Z
,,f4e0528ea9aa23b92e884db2dedfc8942e111034d548d0ad25111da592312d02,,,,,2024-05-03T09:36:29.439Z
,,6eedf45cb91f6762de4e35e36bcb03e5ad60ce9ac5a08caeb7eda035cd74762b,,,,,2024-05-03T09:36:22.770Z
,,1930bd3a3a2f286f2d8a2920609e145d1fffc2bddebaf1b526a96527a92cf73a,,,,,2024-05-03T09:36:17.272Z
,,ac175208b29f72cbcf9ec4359e57837bcc2ab9bc1344caa5c2a0c96d99422fa6,,,,,2024-05-03T09:36:12.155Z
,,7aa4c47121c75d1c9124e2352ccca371df9a395480b642605251ac16dccf0e54,,,,,2024-05-03T09:36:05.552Z
,,6da50475987eb539e441ac20fa8818a2cd5ce429c4a7ccff89dd550e23671342,,,,,2024-05-03T09:36:00.420Z
,,3463f026ce1c325931e285b587b82f7f690db2e75929c7edd154df1e14f38c93,,,,,2024-05-03T09:35:56.667Z
,,f28fa95c8879cf7659901934bb1a07fdee70361a0a7ee2641a43206193737c72,,,,,2024-05-03T09:35:52.871Z
,,9eacade8174f008c48ea57d43068dbce3d91093603db0511467c18252f60de32,,,,,2024-05-03T09:35:48.795Z
,,0659390fe57012c9d29bacb0e85b61f7de968a6008f91d9c729e18c784b2cca1,,,,,2024-05-03T09:35:43.293Z
,,f98898df74fb2b2fad3a2ea2907086397b36ae496ef3f4454bf6b7125fc103b8,,,,,2024-05-03T09:35:37.998Z
,,e2e9d3158c0b5d5d3f06961dbdd3e56a1e4d3d719e89504e16e76e7c7d0d9e0e,,,,,2024-05-03T09:35:28.120Z
,,5a811e9e3c4ea98604ec4b412b230e4acb97f1118b45832ad0d90be6cea73ab8,,,,,2024-05-03T09:35:16.467Z
,,f398740233f7821184618c6c1b41bc7f41da5f2dbde75bbd2f06fc1db70f9130,,,,,2024-05-03T09:35:09.231Z
,,237f419fcafeac86707bb1ba25f550c0c2b7b05d6d376ab45f5d8cef6d1246aa,,,,,2024-05-03T09:35:00.839Z
,,016fdb2ccc9f62f7615371267070e0da84aa815fefb123a434926bc8d3434e2b,,,,,2024-05-03T09:34:56.768Z
,,281a1cfaebf968012e9596721d14b1bd6429744617e73f96558cb68bcc0db8f8,,,,,2024-05-03T09:34:49.717Z
,,af5af36999fcc71cf7e93bbe64bb6299509dde3e40c5b78978ee3cd5b5ddda7d,,,,,2024-05-03T09:34:43.390Z
,,60f4f1cd1eed873c414fb56441a3d76efbb469ee1312b3b73c0534eec1e082d3,,,,,2024-05-03T09:34:37.483Z
,,413e3062a55a9ac46d9ab53ee0c02f487697be28f0e845d81e502acca9ebef48,,,,,2024-05-03T09:34:32.452Z
,,6e43b7aff8a151eef979493b98eec3ce447489e9ec4deab656a40ef3ed0ca6ab,,,,,2024-05-03T09:34:15.803Z
,,04e473e49695503226bcc16e74765a700c53a0ed185228ac40ba371ace71e8e8,,,,,2024-05-03T09:34:08.587Z
,,a0e98c0c3489ef4e752b527d2722e79c51ee55674801ed9bc1ccb905b95456c2,,,,,2024-05-03T09:34:02.127Z
,,97f80175fb58cc514bdcb79d11fe1bcec1b74422171d9493d179a90dcacd7d93,,,,,2024-05-03T09:33:55.077Z
,,b495456a2239f3ba48e43ef295d6c00066473d6a7991051e1705a48746e8051f,,,,,2024-05-03T09:33:39.701Z
,,52f83cdaefd194fff3d387631d5693a709cd7b3a20a072e7827c4d4218d57695,,,,,2024-05-03T09:33:06.689Z
,,52d8316b0765c147558aecbda686d076783f3a08b2741b8c9e3e717cc56e8a92,,,,,2024-05-03T09:33:01.304Z
,,09b454c55823b836d30fd5330f3408f6622e0c2d9d720712bcf1def0eaed9ed9,,,,,2024-05-03T09:32:54.930Z
,,28b1df5f4fc3b60bc9045270f254c86624d6f85e7aa5c7322943aed04d65fefa,,,,,2024-05-03T09:32:49.675Z
,,37beeaaa7ba3a6eb9ffb35e44e91fd6922110e7be1e328111dbe5357cd82b4b8,,,,,2024-05-03T09:32:45.079Z
,,2d6b9f7ee2eb69083675a1256ae717865b623242dcf5a47369d219e0c5572797,,,,,2024-05-03T09:32:39.976Z
,,25e428fa7671316e87702fd3eee086bbde09e5bd5aa86a7af75b6fcae1ca6d85,,,,,2024-05-03T09:32:36.348Z
,,3abed86f46c8be754239f8c878f035efaae91c33b8eb8818c5bbed98c4d9a3ac,,,,,2024-05-03T09:32:30.885Z
,,6c694df8bde06ffebb8a259bebbae8d123effd58c9dd86564f7f70307443ccd0,,,,,2024-05-03T09:32:23.034Z
,,ba0a2b20e5af1a8a66fef1d2c854fdd8f55927065eaaa1688b685d767d716a5c,,,,,2024-05-03T09:32:16.601Z
,,110832d77e7e042955d0bee350f739c3348b3c67ca6f690f02a487d28aefaff4,,,,,2024-05-03T09:32:08.198Z
,,edc3b5f8d45d7a1cceee144e57fc5ddfaf8c0c7407a1514d2f3bab4f3c9f18b8,,,,,2024-05-03T09:31:59.481Z
,,d0b8e002997a8fed4ec8ec7996a4c7fabd360a7119d388c632d00ff1405269a6,,,,,2024-05-03T09:31:53.804Z
,,432286957263a7023b78f7e663ad3622001ca1504a16b0b02b83337cb2f5c23d,,,,,2024-05-03T09:31:47.877Z
,,69749a3f669e31137d072845084c8317b69dd4ab4fde1488d77ec61b76557db7,,,,,2024-05-03T09:31:34.851Z
,,d5397a05b745f64ab16ff921fb4571e9072b54437080bc9630047465e6b06a41,,,,,2024-05-03T09:31:28.517Z
,,750d9eecd533f89b8aa13aeab173a1cf813b021b6824bc30e60f5db6fa7b950b,,,,,2024-05-03T09:31:18.109Z
,,2be888a2d769a21e54e7cd6a7527f2c6dc6c117928728687f7fed9df9456f129,,,,,2024-05-03T09:31:10.644Z
,,6f624fded9e83a12c8de1dd9f1ef931815c73b41379d79c4209c115e5991095e,,,,,2024-05-03T09:31:05.253Z
,,25d57d959f3f45338b00c04575af4fc3812e320907cc559cd442bef8fc91bdd1,,,,,2024-05-03T09:31:00.854Z
,,7170a07bcb5b0467a75cbd17a1a1877aec3c8ea43c45d3bed6ab5e6c95a62713,,,,,2024-05-03T09:30:53.261Z
,,3ed21a4bfcf9838e06ad3058d13d5c28026c17dc996953a22a00f0609b0df3b9,,,,,2024-05-03T09:30:43.573Z
,,3a946cba2ba38a2c6158fa50beee20d2d75d595acc27ea51a39a37c121082596,,,,,2024-05-03T09:30:36.006Z
,,3c9fcf9fa676d731bdd94bc681d504b3190309bf45b3a544597814d6bb280685,,,,,2024-05-03T09:30:21.361Z
,,0ad0cd07ca69d8fd2b075fef6e6dd5e9f7debca92af3a6b84d83e51e23bc182d,,,,,2024-05-03T09:30:15.071Z
,,26f213e18d20aba53ef25ef1064434474c1bf563a1671217698177177603950f,,,,,2024-05-03T09:30:07.741Z
,,ab261f12e65661c15e99abca882ac81f2878ef0ca51285b2516df32b0464fa9c,,,,,2024-05-03T09:30:02.285Z
,,42842f528a01119e93b0bd6baa58f3b6accbb18a99a2a27927113ae7b294a9ee,,,,,2024-05-03T09:29:54.054Z
,,cef7a7b84923af527569060bdc411c1601b871feec26bebc9cea74944e28af6b,,,,,2024-05-03T09:29:48.182Z
,,dc50491b564dd8464d6be3b5605e0b55016acb8341b6b21ced5858baecc22f65,,,,,2024-05-03T09:29:43.080Z
,,b1228c370d6c3e02c7adc0c0bbacb0ab20f23ebadb8625404592277fdabdc6c8,,,,,2024-05-03T09:29:37.396Z
,,7ef21abbefe73db92348fdf300d472f5995859005667389861d60f7ab0a42cfc,,,,,2024-05-03T09:29:32.847Z
,,4001ca434aef1efa8738bcdce056820150a9abc45e8ce3690d9cfc2188e96f0e,,,,,2024-05-03T09:29:27.784Z
,,7d225fa2486a16079542adc6e3682ad6420fd26472679d68f5b753494e222106,,,,,2024-05-03T09:29:22.794Z
,,8bc78ce5f0ec1e90567c59a0fc3c127caf252a7d42614a3defcc9e2370b8e9d0,,,,,2024-05-03T09:29:14.905Z
,,34a88c22ab8ffde7228629911fef336c3c175a4c0688cfa5f64586472892225a,,,,,2024-05-03T09:29:04.045Z
,,80ffaea12a5ffb502d6ce110e251024e7ac517025bf95daa49e6ea6ddd0c7d5b,,,,,2024-05-03T09:28:45.054Z
,,b9b783ad3bc523a031cdf799dd9739a7bcbcf184e7e64a0f3cc2170be4d4526f,,,,,2024-05-03T09:28:33.922Z
,,2e4671c517040cbd66a1be0f04fb8f2af7064fef2b5ee5e33d1f9d347e4c419f,,,,,2024-05-03T09:28:17.574Z
,,3f7cee321bfc3cad23e7b047e2abe2c14b3da9754f9d918a42a5795cb3597d46,,,,,2024-05-03T09:28:11.879Z
,,cc617ecca7c2e91d5177bc2e9c98493d9a4ab1d0c4a66935f450e937cfc08fb1,,,,,2024-05-03T09:28:06.250Z
,,350be4d7e4d839f37526fdb5478e9acc097a52cd55ee8743e2b06dc7c0c6e6e2,,,,,2024-05-03T09:27:47.448Z
,,9a5a7e84bbd708e2d70f9a6e47ccb6f033d08865a97154cb1bd84903257e63a9,,,,,2024-05-03T09:27:43.230Z
,,a7e036dc7ca28573d34f34b200b1b13343f017ce13d9bb5a6cce4395f39c92bb,,,,,2024-05-03T09:27:31.817Z
,,646a30f6c9a5e5e3801cfa926c87fc18da395aac86ec0bfd3d0305b45333d384,,,,,2024-05-03T09:26:51.590Z
,,ea46ed5aed900cd9f01156a1cd446cbb3e10191f9f980e9f710ea1c20440c781,,,,,2024-05-03T09:26:07.929Z
,,7b2f8c43b4c92fb2add9fce264e92668dac2530493c51c5d6b45dcb764e208ed,,,,,2024-05-03T09:25:59.927Z
,,aedef1837b56025af249382aba90e904e53f86f405da3bf5f99a91a72234339b,,,,,2024-05-03T09:25:52.843Z
,,4db0ea8d376417e7be02792907d8c24f0676358adf68d77ce69b89cd85bec63b,,,,,2024-05-03T09:25:34.693Z
,,8be3b10406f690ae5cf46c1dba18cb9a1c75bf646defcc9cab81d40fe0e0cc1b,,,,,2024-05-03T09:25:25.511Z
,,ca1191e49e0c9bb2fb31a9a6e989875167f45df5b019fcc2abce45b3f9e0e535,,,,,2024-05-03T09:25:17.797Z
,,364f89525fd91e7264f6670494cc123fb737f3aba0cd8d699eb28b5f021f9a63,,,,,2024-05-03T09:25:13.503Z
,,0e416e3cc1673d8fc3e7b2469e491c005152b9328515ea9bbd7cf96f1d23a99f,,,,,2024-05-03T09:25:06.137Z
,,5f852956fb89a04a909497caf0474ebfc850d05360f736dfac36cf172764a530,,,,,2024-05-03T09:25:01.875Z
,,7f8a306826fcb0ee985a2b6d874c805f7f9b2062a1123ea4bb7f1eba90fc1b81,,,,,2024-05-03T09:24:51.398Z
,,5b1f80ff787bdcd7ee12aa64be1f2f5f1f658bd644bbc5fd73527b51da6ce0d6,,,,,2024-05-03T09:24:46.809Z
,,54f554b9e330476b3903756f62b577bab35cdef941d3d0f6a3d607862762bf91,,,,,2024-05-03T09:24:41.822Z
,,7eed1b90946a6db1fe978d177a80542b5db0bf3156c979dc8a8869a94811bf4b,,,,,2024-05-03T09:24:35.950Z
,,e06a66122af82580a883ce21609f89628e5dd648726307693d398c0661a1e5c1,,,,,2024-05-03T09:24:29.475Z
,,657e3f1f449c0b710b0c571ec8eee689ae16793fb63b996e0182420d768f89bd,,,,,2024-05-03T09:24:18.430Z
,,0da1bd8e67d6f499cc3b296fc278103497f7ca2f692fe76e3c0413b0e14df777,,,,,2024-05-03T09:24:08.142Z
,,cc5b49d2a2821d4f6ef6af8a1e50994c6690d6a4daa41bd048fe79bd8b578988,,,,,2024-05-03T09:23:57.978Z
,,adb00dee751b4ba620d3b0e002f5b6d8b89cf63b062f74ec65bba72294d553d1,,,,,2024-05-03T09:23:49.582Z
,,8fa7634b7dca1a451cf8940429be6ad2440821ed04d5d70b6e727e5968e0b5f6,,,,,2024-05-03T09:23:44.335Z
,,6a4f32b0228092ce68e8448c6f4b74b4c654f40fb2d462c1d6bbd4b4ef09053d,,,,,2024-05-03T09:23:37.601Z
,,d8a115310142f2e874dc7ea2a393fada679838bddb87f4cfd9aaef631641cb72,,,,,2024-05-03T09:23:28.331Z
,,0279b17a76eb75c45f8e4f3fb63918f0428defcbc7a8174fc6667c09b1d3754a,,,,,2024-05-03T09:23:21.104Z
,,f91973113fd01465999ce317f3e7a89df8c91a5efadcfa61e5ccce687bf3580a,,,,,2024-05-03T09:23:14.832Z
,,dcac599b1bab37e1a388ac469e6cc5de1f35eb02beaa6778f07a1c090ce3ea04,,,,,2024-05-03T09:23:08.211Z
,,58f9e3c90446dfecfec64221eb11167dd41d0e8dedda2ea9f83d9dda2890e6f3,,,,,2024-05-03T09:23:01.584Z
,,c9b8e795c5a024f9e3c85ba64534b9bf52cc8c3d29b95ff6417dc3a54bc68b95,,,,,2024-05-03T09:22:52.469Z
,,2f258949fd95da6cd912beb7203a9fd5e99d050309a40341de67537edb75aadc,,,,,2024-05-03T09:22:42.990Z
,,df31a70ceb0c481646eeaf94189242200fafd3df92f8b3ec97c0d0670f0e2259,,,,,2024-05-03T09:22:36.209Z
,,16beb1ae2de2974ccc2371d9f619f492295e590abb65d3102e362c8ec27f2bbb,,,,,2024-05-03T09:22:28.514Z
,,203300be75ad8f57972324519b2583a44e759cdd57390d6765df10288e249789,,,,,2024-05-03T09:22:20.526Z
,,2d9625f41793f62bfe32c10b2d5e05668e321bcaf8b73414b3c31ef677b9bff4,,,,,2024-05-03T09:22:13.740Z
,,a15d72d990686d06d89d7e11df2b16bcd5719a40298c19d046fa22c40d56af44,,,,,2024-05-03T09:22:05.864Z
,,a3f2c60aa5af9d903a31ec3c1d02eeeb895c02fcf3094a049a3bdf3aa3d714c8,,,,,2024-05-03T09:21:28.807Z
,,18cc54e2fbdad5a317b6aeb2e7db3973cc5ffb01bbf810869d79e9cb3bf02bd5,,,,,2024-05-03T09:21:17.147Z
,,8199f309478e8ed3f03f75e7574a3e9bce09b4423bd7eb08bb5bff03af2b7c27,,,,,2024-05-03T09:21:01.596Z
,,2e3a2cea18bb9cd7a65df2a9c972ee1d4553acd67925b5d42aff24d5a61adae3,,,,,2024-05-03T09:20:51.698Z
,,87ec9b5cb7f8dbdf5ea89cade8ab71b3303acff94b119c22bc2cc8c18a4e4260,,,,,2024-05-03T09:20:44.026Z
,,16f4e71d3b67b1027cabf6e70e335192bc4de2e0ac37cda0ddaa64be9314ecfa,,,,,2024-05-03T09:20:39.273Z
,,3bbc14be4e5590bfdaecb545b02101b7b2f869393ed4e8f3687f93a1161b0fdd,,,,,2024-05-03T09:20:36.188Z
,,7695e619cb63ab11853632f7d6967b6c1f413110aecec536d7405f822a86f10e,,,,,2024-05-03T09:19:57.245Z
,,406a4fcb391cc8098d1a6578e2609c21f0f59ca2386f926e3438c57e4549c966,,,,,2024-05-03T09:19:51.240Z
,,6cdff1af5b0011c4e7f091b9f457e14f935c1c683a6493974c2e9ed68ecb0434,,,,,2024-05-03T09:19:45.653Z
,,a3577e62fce09da23a221a28f7356e69fd86fb34cb68c92d4e9f5ae4f2e92d9c,,,,,2024-05-03T09:19:39.707Z
,,4d08b698f0dd9e7f58b0334613ea613fda724dba269c17be6a669a82a3076248,,,,,2024-05-03T09:19:33.336Z
,,2019ac207da7af37ac4c05e52fcbd67f842c5efac53c54c293c9f5101d2cda2e,,,,,2024-05-03T09:19:25.055Z
,,61aae0e18c41ec4f610676680d26f6c6e1d4d5aa4e5092e40915fe806b679cd4,,,,,2024-05-03T09:19:08.539Z
,,33d2a13ef17d25e08352e844ccf06509e83ede0700bfc773025b114865a3d545,,,,,2024-05-03T09:19:01.289Z
,,00fead2e42b663522bfd8de53973b52dce737862b4ed6b965edb547364c64572,,,,,2024-05-03T09:18:51.507Z
,,d0d473cf64565ac6b03acec1616e73638cb20b47c424d9197d6bf97a6670e158,,,,,2024-05-03T08:46:48.712Z
,,36862f654c3356d2177b5d35a410c78ff9803d1d7d20da0b82e3d69d640e856e,,,,,2024-05-03T08:46:32.737Z
,,a251ac8cec78ac4f39fc5536996bed66c3436f8c16d377922187ea61722c71f8,,,,,2024-05-03T08:46:13.707Z
,,163c386598e1826b0d81a93d2ca0dc615265473b66d4521c359991828b725c14,,,,,2024-05-03T08:46:09.056Z
,,21e3cba50600dba021e3e8854402b8a3e7dd1a07e7e5751ef8bf9828481258f8,,,,,2024-05-03T08:45:57.754Z
,,d948d5b3702e140ef5b9247d26797b6dcdfe4fdb6f367bb217bc6b5fc79df520,,,,,2024-05-03T08:45:53.366Z
,,054bd68336d282deeb25a71853ab31023befcdc9633e499b2d292ac9e8a15945,,,,,2024-05-03T08:45:49.290Z
,,ff2aee8b401a770815ec4a9b76c089f45c5df0c649c57e4b105da46f8b4ab4ec,,,,,2024-05-03T08:45:36.031Z
,,bd2480a64b06ce1ffadcbbb241f7992efddc4e1a7fe26a3c869d54a56610cee1,,,,,2024-05-03T08:45:16.059Z
,,67ffb9589a891bac024847c9f5ed8232cfc50589cd4cb2a66778b8220876fb80,,,,,2024-05-03T08:44:55.673Z
,,33748edd5c325017cd85c2947a09b76c85e39f2ead4cdca27dd98d88ee85ee46,,,,,2024-05-03T08:44:52.342Z
,,04e3755b98e84006a479c0961374bb17ff4fbed42dd036241245c0add09438c4,,,,,2024-05-03T08:44:49.401Z
,,662124b0c998fd0826c192514b1f57f8002f2ab031996aa6dd7832f561679779,,,,,2024-05-03T08:44:43.956Z
,,d14f9ea22c90e32238a5cd69d772cd8b60fbf911139ce0bdccd07b17ab4bb5ec,,,,,2024-05-03T08:44:35.520Z
,,ffb1573c4dd003c4750a2a5d66c1d9061a159e83f2f945f12d1b1c47cc62ab77,,,,,2024-05-03T08:44:30.479Z
,,8cf4cbb1987a233c42a2dc3edfb27ae4acf8e0f6ed254f82bfac7eb967a78401,,,,,2024-05-03T08:44:25.165Z
,,b7bc0b490dbc3588cbc04c225d185ffea4a5d9ddbd8071abce363fcd0c71aafc,,,,,2024-05-03T08:44:19.697Z
,,34b74e2b9ae6e258a15d60733c0347b2d5c9fa16fad69f06ea7f6c3babb051b4,,,,,2024-05-03T08:44:14.882Z
,,8561b2d822b7d71099ded7c714b39264dd071f177cc42e4c6da2e7c6c42e8311,,,,,2024-05-03T08:44:08.929Z
,,8f694f4523f32ee56036f6e8ff25a8af0a76c60d7ace279f6e63f6ea6d189cfc,,,,,2024-05-03T08:44:02.851Z
,,2edf5bd7f082b08526f6fcae75fa4e4909c03cd6f46413190ef8817f342f48e9,,,,,2024-05-03T08:43:54.167Z
,,69b918e5840d32f2d4e36785d16b3020481d7b3519d03813253fcc9bf042293e,,,,,2024-05-03T08:43:38.049Z
,,69003b33c0fee52c0b088f8932cea87e45ae0ab7c1e116e650a7172ac734c2a5,,,,,2024-05-03T08:43:31.161Z
,,edfbe46dcdc59201ba4027ed55fb9759e34e517db1a6a7aa8b4a462e00005586,,,,,2024-05-03T08:43:23.569Z
,,6bea9a7c9ded41afbebb72a11a1868345026d8e46d08b89577f30b50f4929e85,,,,,2024-05-03T08:43:07.557Z
,,eff78c23790ee834f773569b52cddb01dc3c4dd9660f5a476af044ef6fe73894,,,,,2024-05-03T08:42:46.632Z
,,16985600c959f6267476da614243a585b1b222213ec938351ef6a26560c992db,,,,,2024-05-03T08:42:38.713Z
,,66168b84cda47a47b8c504c8d0bb2a59f70058c13703cb3145b36648d6294ec5,,,,,2024-05-03T08:42:28.961Z
,,0f56ebca33efe0a2755d3b380167e1f5eab4e6180518c03b28d5cffd5b675d26,,,,,2024-05-03T08:42:03.946Z
,,1b3db6faffc74b0f14d9cbac8c397f4437b1b1f22f664f788d5ba351822cc15c,,,,,2024-05-03T08:41:50.501Z
,,ce07d208a2d89b4e0134f5282d9df580960d5c81412965a6d1a0786b27e7f044,,,,,2024-05-03T08:28:46.113Z
,,befa9bfe488244c64db096522b4fad73fc01ea8c4cd0323f1cbdee81ba008271,,,,,2024-05-03T08:28:37.248Z
,,651bc82076659431e06327aeb3aacef2c30bf3cfd43ae4f9bc6b4222f15bb673,,,,,2024-05-03T08:28:14.731Z
,,23aaff4c66620f943bacb72391527f021e621cd2ae1a6cec259dfa7d575bf9e8,,,,,2024-05-03T08:28:02.091Z
,,4f3003dd2ed8dcb68133f95c14e28b168bd0f52e5ae9842f528d3f7866495cea,,,,,2024-05-03T08:27:50.491Z
,,4eaa4caea4ac543516ffc9954a901e8b8e8c623fcce48304ea74d7a74218683b,,,,,2024-05-03T08:27:36.203Z
,,fe7fb996b997877216d782a7adbcbe6a37bc585d459c6d0d452a346b078157c6,,,,,2024-05-03T07:54:37.634Z
,,ccdc5c71c18709cea46e8dce04f985e19c054abfcb19a7ee6d875a09e3aa39b1,,,,,2024-05-03T07:44:53.044Z
,,1b290349c8ada90705f7e1f6aee3cc2c8fecd02163c490af37cf59a29ed24a23,,,,,2024-05-03T07:44:38.996Z
,,8ef61904b47d37334a773c8dae428958721c233cd98b4cab9e582d9103712d71,,,,,2024-05-03T07:44:26.853Z
,,15e47dc5e3dbff650db31879bc7269da49c3a865a402cd826e234cf7fabc0325,,,,,2024-05-03T07:44:19.023Z
,,1adf9efd56437703fb35ecb971825fa76abbb25e3ca272e0b5fdb29746bfc39b,,,,,2024-05-03T07:44:10.080Z
,,1df407206dd8f1a292f8c168e5939df27606d2c9ff552fc2d0fdef8197fee99e,,,,,2024-05-03T07:43:59.074Z
