ipv4,score
94.177.106.14;15
47.116.213.137;15
10.0.0.70;15
149.104.25.105;15
47.99.188.195;15
149.104.25.85;15
156.231.64.36;15
49.235.187.155;15
193.143.1.180;15
116.205.188.138;15
207.154.255.140;15
172.67.160.126;15
104.21.33.82;15
175.178.49.159;15
78.153.140.96;15
209.141.36.242;15
47.94.19.69;15
157.230.32.243;15
146.190.4.32;15
103.162.214.39;15
45.88.90.74;15
10.154.17.4;15
47.99.182.25;15
47.96.252.193;15
159.65.236.136;15
134.209.93.75;15
152.42.162.206;15
103.2.233.237;100
43.153.203.172;100
139.59.244.228;15
43.163.195.237;100
123.173.4.89;100
149.129.67.202;100
218.29.188.215;100
103.130.213.82;100
91.92.241.16;15
178.32.140.237;100
137.184.38.254;100
91.92.242.166;15
43.156.247.48;100
91.92.242.137;15
210.13.99.66;100
43.153.216.221;100
76.74.127.144;15
114.98.239.130;100
114.236.138.231;100
128.140.224.78;100
150.109.203.15;100
3.146.255.127;100
27.254.235.2;100
103.175.77.7;100
116.178.218.87;100
117.4.104.199;100
173.218.251.28;100
91.206.92.114;100
98.14.145.247;100
101.43.15.94;100
117.50.177.90;100
35.223.246.35;100
212.83.8.75;100
58.56.20.70;100
101.126.67.173;100
124.136.29.20;100
162.241.126.244;100
54.36.163.1;100
193.163.125.89;100
27.254.235.4;100
1.70.11.235;100
45.33.127.245;100
120.203.5.92;100
162.62.52.27;100
43.155.147.243;100
119.205.181.229;100
121.202.195.67;100
144.123.42.106;100
181.50.98.195;100
45.33.96.63;100
94.156.64.113;100
152.32.206.181;100
13.48.43.79;100
162.243.138.17;100
64.98.193.29;100
188.114.96.3;15
38.49.182.103;100
120.224.50.233;100
14.63.216.89;100
43.163.242.147;100
59.37.169.32;100
24.137.215.164;15
68.178.244.186;100
150.109.18.77;100
43.133.33.75;100
81.192.46.45;100
103.168.174.42;100
185.45.212.231;100
3.145.108.9;100
82.65.183.225;100
190.202.14.227;100
200.151.196.30;100
217.196.103.203;100
103.30.11.117;100
107.170.229.46;100
154.160.15.189;100
121.231.53.232;100
122.155.129.43;100
43.153.183.44;100
186.177.88.60;100
77.53.75.146;100
221.225.83.45;100
14.33.96.4;100
184.168.103.93;100
221.226.183.94;100
47.107.74.197;100
20.197.49.244;100
45.79.114.154;100
165.22.19.20;100
146.115.144.145;100
64.62.197.20;100
113.25.250.80;100
154.83.17.34;100
43.133.58.10;100
43.157.55.49;100
58.223.136.146;100
43.153.81.190;100
198.199.110.67;100
80.76.49.133;100
93.114.184.90;100
117.232.111.250;100
39.184.143.93;100
104.131.144.32;100
223.15.246.49;100
136.0.212.252;100
43.159.132.20;100
192.241.198.23;100
110.182.190.230;100
121.228.31.111;100
139.59.30.174;100
192.241.216.41;100
192.241.221.69;100
59.99.152.135;100
61.180.77.124;100
61.182.56.106;100
82.156.123.122;100
95.87.248.223;100
101.126.94.105;100
111.70.6.20;100
111.70.12.112;100
179.175.58.251;100
182.73.6.19;100
183.233.177.34;100
185.71.65.59;100
91.72.147.130;100
190.181.63.194;100
43.130.43.21;100
182.151.25.177;100
59.110.40.49;100
221.13.67.139;100
43.153.66.25;100
148.72.244.104;100
192.241.225.24;100
64.62.197.132;100
164.132.224.21;100
220.85.251.16;100
36.133.57.132;100
116.95.38.26;100
118.70.48.219;100
194.233.72.150;100
195.117.36.241;100
82.197.58.234;100
114.96.91.241;100
51.178.141.222;100
43.134.124.74;100
67.205.190.70;100
168.182.36.169;100
202.189.6.223;100
103.187.147.35;100
122.160.53.132;100
202.88.228.180;100
217.182.60.78;100
5.253.244.171;100
34.101.245.3;100
64.62.156.107;100
162.243.152.18;100
3.138.200.66;100
104.250.34.49;100
162.243.144.9;100
8.210.174.140;100
122.187.240.210;100
161.35.157.128;100
38.128.113.19;100
39.105.120.190;100
46.101.16.45;100
2.58.56.160;100
162.243.151.9;100
193.189.100.199;100
192.144.65.7;100
170.106.115.208;100
64.62.197.21;100
45.55.157.158;100
213.163.113.46;100
220.124.89.47;100
67.58.200.121;100
178.185.223.127;100
116.255.209.48;100
162.243.134.31;100
27.254.137.144;100
27.150.28.19;100
142.4.222.188;100
150.109.204.65;100
211.33.249.152;100
54.37.156.240;100
80.66.75.202;100
213.175.66.138;100
114.218.240.51;100
43.153.95.245;100
129.226.147.239;100
43.153.220.11;100
45.33.89.53;100
43.153.18.80;15
198.52.167.40;100
211.106.103.140;100
170.106.196.226;100
190.85.51.52;100
124.156.204.72;100
14.103.36.128;100
193.163.125.211;100
200.75.182.144;100
43.163.245.223;100
107.170.235.34;100
68.178.145.219;100
92.205.169.9;100
94.103.124.124;100
162.243.135.36;100
13.91.165.251;100
23.90.160.6;100
46.161.54.57;100
45.141.215.223;100
52.170.215.37;100
91.92.243.107;100
217.182.253.127;100
218.108.117.142;100
52.169.109.146;100
3.15.219.217;100
94.46.246.13;100
107.170.235.23;100
212.154.119.3;100
121.11.115.107;100
195.33.237.83;100
51.178.240.56;100
101.133.233.253;100
117.148.248.242;100
43.153.9.244;100
103.153.183.105;100
123.244.61.242;100
173.2.238.77;100
23.239.27.74;100
93.113.234.188;100
121.62.61.226;100
43.139.148.142;100
192.42.116.186;100
107.170.239.39;100
139.59.37.187;100
87.236.176.50;100
143.59.8.109;100
107.170.251.21;100
170.106.142.92;100
3.17.79.60;100
27.155.79.158;100
165.154.149.178;100
170.247.31.12;100
190.117.96.174;100
102.33.36.254;100
192.241.229.45;100
51.79.229.157;100
118.194.236.137;100
183.230.162.194;100
190.210.152.148;100
202.156.63.212;100
43.135.183.19;100
60.167.19.30;100
83.233.30.104;100
66.63.163.70;15
101.42.184.111;100
120.224.163.23;100
43.130.31.179;100
106.54.218.9;100
122.189.7.113;100
128.199.225.7;100
43.130.228.56;100
106.75.210.144;100
159.203.224.42;100
170.64.167.44;100
194.165.16.76;100
80.66.88.146;15
152.32.138.19;100
192.241.223.55;100
109.227.6.45;100
218.92.86.126;100
64.62.156.34;100
65.49.1.27;100
101.251.197.238;100
47.180.95.22;100
178.62.12.246;100
111.67.199.230;100
159.65.29.16;100
188.114.96.9;15
101.44.1.229;100
113.141.166.35;100
188.114.97.9;15
119.91.148.194;100
187.218.57.50;100
64.23.233.171;100
78.108.177.54;100
92.205.3.41;100
101.42.242.51;100
101.44.8.23;100
106.52.58.179;100
159.75.113.228;100
37.27.29.48;100
123.129.245.249;100
59.172.178.32;100
81.70.92.82;100
124.221.93.60;100
1.63.18.94;100
92.32.59.165;100
106.52.219.95;100
112.184.119.22;100
119.205.98.232;100
201.217.5.167;100
14.238.7.210;100
123.56.0.80;100
178.48.105.115;100
101.43.148.28;100
202.101.187.190;100
43.134.60.160;100
43.153.66.145;100
117.72.67.15;100
109.206.237.118;100
222.111.33.116;100
5.188.87.47;100
43.133.77.92;100
49.205.192.201;100
192.210.221.246;100
192.241.221.64;100
36.110.138.149;100
101.126.6.69;100
64.227.123.233;100
79.116.2.89;100
165.227.9.20;100
192.167.82.46;100
198.199.111.191;100
106.55.101.29;100
112.245.48.131;100
121.5.146.163;100
211.48.160.77;100
89.105.198.190;15
223.244.25.69;100
87.248.137.149;100
113.134.214.23;100
124.156.196.216;100
104.250.50.119;100
146.190.208.95;100
59.29.143.207;100
43.153.225.63;100
65.20.251.41;100
179.42.153.27;100
178.62.218.58;100
101.126.70.12;100
103.94.113.2;100
162.19.249.43;100
118.89.136.106;100
183.240.203.248;100
199.45.154.50;100
66.96.237.72;100
164.90.194.69;100
39.98.59.209;100
80.76.49.105;100
101.89.113.198;100
156.236.74.13;100
152.32.149.118;100
192.241.219.54;100
59.26.144.246;100
125.129.197.1;100
175.100.24.139;100
122.51.81.139;100
209.97.133.190;100
46.30.161.197;100
59.6.32.60;100
43.156.115.155;15
43.159.32.216;100
43.128.110.12;15
183.97.242.95;100
51.195.103.245;100
81.70.56.77;100
77.221.151.20;15
124.93.12.184;100
193.233.132.22;15
139.59.10.188;100
92.255.166.13;100
222.93.105.187;100
81.68.75.162;100
186.235.70.47;100
186.210.200.94;100
1.95.5.9;100
85.193.65.110;100
176.161.166.113;100
203.156.198.44;100
210.202.227.29;100
213.230.65.53;100
43.155.155.40;100
80.76.49.57;100
38.59.124.16;15
124.223.202.98;100
164.90.184.211;100
176.192.37.70;100
43.131.242.181;100
31.208.183.161;100
208.109.37.82;100
47.76.92.150;100
202.157.185.152;100
118.41.127.206;100
165.154.182.219;100
84.247.105.106;100
47.242.24.122;100
79.143.92.103;100
13.59.218.147;100
23.239.16.85;100
220.172.203.43;100
34.75.26.147;100
213.100.246.163;100
154.68.39.6;100
222.128.28.49;100
39.165.4.60;100
24.199.124.106;100
162.243.133.47;100
192.24.46.39;100
119.45.26.99;100
115.240.206.206;100
162.243.136.76;100
218.150.128.144;100
185.146.23.140;100
114.98.227.36;100
133.226.24.135;100
192.241.223.43;100
137.184.202.107;100
222.113.80.162;100
192.241.229.53;100
61.205.86.8;100
125.160.11.78;100
182.246.203.42;100
175.201.39.233;100
118.36.155.156;100
186.215.107.189;100
91.92.249.142;15
8.219.117.148;100
38.99.139.33;100
43.133.7.191;100
43.156.122.147;100
119.195.134.27;100
201.145.6.95;15
61.84.128.6;100
188.134.10.18;100
24.117.194.36;100
129.226.155.129;100
131.221.172.18;100
103.175.172.114;100
220.120.227.186;100
143.202.195.11;100
156.200.108.51;100
49.51.231.140;100
45.118.145.224;15
178.213.184.43;100
90.188.237.87;15
184.75.25.226;100
175.206.1.60;100
45.61.136.150;15
154.73.25.116;100
206.168.34.124;100
43.163.219.219;100
101.126.69.176;100
121.202.197.86;100
192.169.201.6;100
43.156.225.133;100
18.119.155.254;15
1.193.163.2;100
18.189.229.254;15
194.5.176.74;100
200.233.195.51;100
206.168.34.182;100
43.133.59.215;100
61.172.7.150;100
82.85.229.81;100
223.8.232.179;100
223.10.27.149;100
120.24.109.199;100
94.156.71.21;100
13.80.7.122;100
221.165.136.172;100
150.95.25.193;100
178.244.255.177;100
198.199.119.104;100
45.13.119.179;15
43.133.77.248;100
114.132.120.166;15
59.3.99.47;100
104.250.34.117;100
143.244.144.227;100
189.113.185.28;100
45.149.172.101;15
138.219.166.59;100
3.141.8.247;100
101.36.117.53;15
13.91.165.212;100
178.208.87.34;15
101.132.117.236;100
198.199.93.54;100
152.42.128.17;15
49.124.149.47;100
107.175.158.78;15
133.130.182.51;100
124.222.56.66;15
180.164.147.62;100
124.222.54.66;15
192.241.237.41;100
49.204.74.149;100
47.92.151.17;15
216.218.206.80;100
39.101.165.37;100
117.72.65.27;15
43.134.118.185;100
103.69.129.34;15
161.35.100.107;100
134.209.27.35;15
117.72.11.180;100
94.191.35.133;100
152.32.159.177;100
159.223.14.205;100
45.250.21.238;100
149.88.82.139;15
110.153.9.210;100
45.158.21.47;15
218.78.111.107;100
207.154.232.101;100
107.173.30.114;15
111.203.200.195;100
138.75.16.39;100
43.134.58.34;100
43.134.240.202;100
43.130.9.145;100
165.22.72.150;100
166.155.248.121;100
113.160.15.163;100
162.240.98.245;100
63.251.152.90;100
164.90.199.99;100
58.225.239.115;100
162.243.138.37;100
199.45.155.47;100
52.14.126.74;100
85.203.4.146;15
124.221.242.4;100
200.129.69.7;100
31.220.40.22;15
94.156.67.105;100
119.91.229.161;15
64.62.156.95;100
176.96.243.100;100
43.134.48.214;100
43.155.164.68;100
103.254.71.234;100
43.153.14.111;100
27.254.235.12;100
98.150.68.80;100
72.188.128.80;100
139.59.34.109;100
218.60.50.126;100
45.172.153.100;100
47.34.168.53;100
80.244.11.36;100
80.244.11.151;100
80.244.11.152;100
80.244.11.48;100
80.244.11.130;100
80.244.11.136;100
166.140.56.23;100
221.218.247.26;100
67.70.237.204;100
80.244.11.35;100
80.244.11.46;100
80.244.11.96;100
80.244.11.34;100
80.244.11.116;100
180.101.88.252;100
45.137.205.209;100
194.169.175.217;100
41.82.208.182;100
45.88.90.175;100
194.48.251.196;100
43.153.10.208;100
43.153.225.174;100
122.114.239.72;100
193.32.162.74;100
45.88.90.75;100
103.94.25.86;100
157.245.201.51;100
171.244.39.230;100
23.94.82.17;100
39.152.235.158;100
124.112.115.68;100
165.22.248.47;100
109.206.237.230;100
162.243.145.40;100
193.32.162.90;100
206.168.34.62;100
92.118.39.106;100
192.144.233.13;15
185.196.9.165;100
51.195.40.249;100
203.232.50.182;100
1.183.8.235;100
212.5.32.7;100
154.212.141.221;100
43.153.78.226;100
211.48.60.35;100
107.170.228.37;100
116.114.86.62;100
87.101.135.122;100
178.61.48.108;100
180.184.67.98;100
198.199.92.134;100
222.186.133.17;100
185.81.29.119;15
81.192.87.130;100
144.24.142.136;100
148.135.35.177;15
103.144.156.11;100
117.158.183.73;100
173.248.237.221;100
178.128.111.46;100
176.111.174.90;100
111.229.132.53;100
190.85.18.1;100
198.12.222.107;100
64.62.156.13;100
36.107.230.113;100
221.220.111.97;100
68.178.157.40;100
107.170.246.29;100
150.109.203.118;100
74.82.47.32;100
81.181.62.44;100
139.95.8.160;100
202.103.55.158;100
192.241.214.40;100
124.156.206.248;100
43.153.100.227;100
61.134.36.10;100
139.19.117.131;100
177.125.21.1;100
185.184.155.109;100
181.224.161.88;100
200.189.192.3;100
92.205.151.0;100
210.91.180.15;100
135.125.161.64;100
152.42.168.228;100
36.153.69.2;100
184.185.103.69;100
61.164.202.218;100
43.153.91.52;100
134.209.104.76;100
159.223.174.96;100
45.195.198.106;100
103.163.44.118;100
109.70.100.3;100
43.156.119.226;100
194.164.20.46;100
162.243.132.32;100
43.163.246.85;100
43.134.172.77;100
59.22.148.248;100
94.198.209.155;100
112.115.104.60;100
130.162.42.103;100
43.153.196.20;100
59.2.23.148;100
118.193.68.184;100
151.252.84.225;100
192.241.236.31;100
43.134.104.29;100
119.28.118.4;100
218.157.152.248;100
80.76.49.130;100
92.204.65.19;100
43.156.33.52;100
49.51.248.225;100
43.153.116.2;100
88.129.166.110;100
92.204.220.58;100
202.103.157.115;100
39.121.150.66;100
39.109.117.82;100
72.167.104.249;100
107.173.122.221;100
124.120.126.126;100
146.88.241.74;100
139.196.253.42;100
121.202.198.201;100
195.142.171.170;100
171.244.37.103;100
43.153.121.206;100
43.163.200.247;100
91.92.253.96;100
218.156.128.226;100
118.193.38.134;100
118.69.175.17;100
192.241.238.37;100
222.173.29.165;100
118.98.90.2;100
198.71.237.5;100
184.171.164.162;100
138.186.174.139;100
162.240.226.19;100
121.181.113.165;100
198.199.93.45;100
43.134.72.167;100
122.176.51.43;100
167.71.210.163;100
203.63.46.34;100
58.223.177.13;100
170.106.150.189;100
222.100.83.96;100
107.170.246.36;100
116.182.15.39;100
188.251.138.235;100
3.17.6.75;100
121.178.36.107;100
122.96.31.131;100
36.140.155.242;100
162.243.136.52;100
35.194.181.153;100
220.77.245.227;100
187.241.116.2;100
42.93.167.139;100
204.152.213.38;15
45.142.182.111;100
85.186.244.106;100
43.153.82.95;100
102.128.78.77;100
198.108.79.4;100
107.170.229.49;100
220.184.156.34;100
223.171.72.112;100
171.244.37.97;100
112.186.156.52;100
8.222.204.225;100
49.158.80.130;100
107.170.252.38;100
120.77.84.25;100
136.185.6.181;100
150.95.25.229;100
223.82.86.2;100
74.48.186.198;100
103.146.51.39;100
58.252.221.34;100
106.75.15.187;100
198.199.92.98;100
211.105.223.49;100
193.163.125.55;100
139.196.46.20;100
211.48.20.136;100
50.173.49.234;100
121.189.198.60;100
45.71.203.59;100
102.214.110.222;100
111.70.4.103;100
62.182.80.23;100
211.252.168.97;100
43.134.44.169;100
43.134.166.52;100
107.170.243.44;100
70.105.240.151;100
94.156.71.225;100
115.246.209.27;100
34.92.176.182;100
164.92.222.66;100
58.210.241.5;100
95.56.227.226;100
195.189.33.194;100
36.111.174.202;100
47.98.96.40;100
221.7.131.201;100
121.202.155.149;100
68.178.223.61;100
129.226.211.164;100
211.252.161.44;100
103.236.192.222;100
119.46.201.51;100
191.36.147.184;100
106.91.215.98;100
198.199.114.65;100
43.134.63.194;100
38.121.43.104;100
91.92.241.63;100
201.172.109.160;100
106.227.11.23;100
20.118.68.249;100
154.221.21.234;100
162.62.127.194;100
196.191.212.238;100
103.159.132.97;100
35.224.133.126;100
123.234.6.1;100
125.34.89.66;100
60.51.156.71;100
119.6.55.57;100
193.42.11.229;100
218.149.228.178;100
141.226.193.18;100
159.75.116.147;100
210.95.105.10;100
27.72.31.67;100
183.56.238.70;100
72.167.42.160;100
101.99.13.179;100
128.199.163.83;100
174.138.19.131;100
162.19.230.241;100
81.183.234.69;100
85.225.135.229;100
107.170.253.14;100
124.156.223.205;100
185.219.220.149;15
140.246.137.102;100
170.106.194.11;100
64.62.156.39;100
111.70.11.78;100
43.159.139.131;100
64.62.197.198;100
86.45.77.222;100
165.154.138.165;100
190.147.253.19;100
211.38.197.119;100
221.161.118.136;100
103.166.12.143;100
94.156.71.201;100
131.153.22.243;15
43.153.8.173;100
67.207.85.243;15
59.40.118.227;100
223.8.200.53;100
128.14.188.107;100
104.21.37.175;15
201.149.49.146;100
43.128.99.92;100
218.3.11.27;100
121.204.171.82;100
45.80.158.36;100
115.239.255.13;100
192.252.182.98;15
148.66.130.195;100
91.238.181.230;15
36.64.217.27;100
43.134.105.247;100
14.139.216.56;100
43.163.221.151;100
95.255.105.109;100
129.204.224.239;100
182.75.197.174;100
45.67.229.3;15
222.113.8.199;100
14.225.217.16;100
147.182.255.2;15
172.245.226.223;100
209.38.144.13;15
120.202.24.117;100
54.196.183.60;15
198.199.104.8;100
50.60.142.192;15
192.241.228.37;100
78.167.159.0;15
43.156.241.104;100
104.238.161.101;15
111.46.77.2;100
97.74.93.113;15
159.203.170.197;100
95.179.159.107;15
43.153.119.179;100
38.207.179.24;15
35.171.228.255;15
170.79.37.84;100
43.163.234.67;100
163.181.141.79;15
77.68.73.99;15
181.114.99.117;100
38.6.199.111;15
117.250.96.66;100
59.38.100.77;100
183.103.132.144;100
168.76.120.0;15
182.156.254.122;100
154.213.17.0;15
192.241.157.126;100
119.28.162.55;100
167.114.38.196;100
114.96.91.109;100
218.75.70.226;100
195.10.205.74;15
1.12.37.144;100
43.133.186.22;100
43.163.214.71;100
137.220.131.99;100
47.242.37.176;15
185.58.121.235;100
62.63.242.114;100
101.36.111.53;100
122.187.230.254;100
213.55.93.152;100
104.248.33.63;100
200.174.198.170;100
201.172.109.98;100
43.134.78.130;100
222.76.48.73;100
222.185.255.227;100
49.7.201.69;100
222.215.41.25;100
43.134.187.12;100
43.156.51.149;100
154.90.48.89;100
124.156.198.112;100
191.36.151.158;100
220.123.47.237;100
103.21.143.184;100
175.139.236.193;100
200.35.54.73;100
112.163.14.14;100
118.194.252.40;100
38.180.62.49;15
59.61.215.86;100
64.62.197.90;100
42.193.128.153;15
89.108.84.17;100
43.139.52.213;15
124.220.148.63;15
190.6.37.231;100
47.115.215.30;15
213.59.165.186;100
84.119.10.249;100
124.220.6.158;15
121.229.191.90;100
143.244.131.217;100
134.122.130.184;15
134.122.130.181;15
36.93.142.202;100
80.66.75.53;15
43.128.102.216;100
45.120.178.47;15
4.242.129.87;100
35.229.251.245;15
80.94.92.64;100
162.14.73.154;15
116.55.245.26;100
49.51.178.89;100
43.134.132.58;100
123.206.115.56;15
43.135.134.197;100
43.163.242.88;100
118.145.130.5;100
138.68.149.40;100
190.109.21.158;100
60.174.40.155;100
93.114.185.120;100
202.170.206.211;100
91.215.85.18;15
91.92.240.57;100
139.177.196.67;15
103.30.195.6;100
218.22.187.66;100
91.92.241.236;15
5.194.155.26;100
101.126.46.0;100
111.171.125.94;100
37.189.95.254;100
74.208.123.71;15
61.143.44.90;100
43.134.25.150;100
43.134.184.64;100
67.227.226.240;15
106.57.253.254;100
42.99.208.178;100
43.134.82.95;100
61.99.254.192;100
80.94.92.68;100
47.108.238.83;15
123.30.249.49;100
146.88.241.64;100
200.7.216.10;100
220.178.3.73;100
43.128.79.225;100
43.156.3.27;100
103.171.85.118;100
58.96.237.44;100
111.67.197.247;100
37.60.248.210;100
152.32.206.247;100
57.128.109.142;100
198.12.81.139;15
64.62.197.77;100
212.49.70.200;100
49.51.72.84;100
120.142.159.21;100
103.252.137.171;100
181.114.232.98;100
121.202.152.82;100
193.163.125.105;100
107.170.208.35;100
182.151.12.233;100
47.108.88.39;100
38.55.97.170;15
185.241.208.213;15
114.216.7.100;100
185.98.81.142;15
166.254.119.43;100
43.128.86.22;100
64.62.197.70;100
91.92.254.116;15
165.22.55.227;100
85.239.33.65;15
14.103.41.23;100
154.248.27.182;15
138.75.216.109;100
195.93.190.40;100
89.105.223.137;100
103.247.13.244;100
59.25.157.4;100
14.18.74.76;100
178.128.93.152;100
198.199.95.64;100
43.153.44.198;100
178.128.209.102;100
60.178.9.131;100
103.78.143.131;100
112.162.218.77;100
204.237.97.146;100
103.155.100.154;100
161.97.162.29;100
185.29.121.106;100
218.241.229.60;100
103.179.57.150;100
223.171.91.169;100
162.243.129.37;100
178.252.184.58;100
198.199.114.62;100
213.232.124.78;100
43.134.164.198;100
194.35.120.19;100
200.165.148.166;100
43.134.41.36;100
64.227.7.1;100
157.10.50.235;100
175.101.84.76;100
41.138.54.13;100
85.237.57.200;100
117.247.178.81;100
198.199.117.125;100
91.247.227.194;100
91.102.181.113;100
162.243.151.37;100
62.171.143.90;100
46.3.240.80;100
90.224.168.78;100
121.202.154.127;100
18.218.168.16;100
43.163.237.56;15
64.62.197.72;100
79.11.176.155;100
147.50.95.39;100
64.62.197.92;100
206.168.34.191;100
80.94.92.66;100
65.49.1.32;100
80.94.92.67;100
157.245.49.201;100
61.221.67.236;100
113.31.118.23;100
43.153.101.4;100
64.227.122.198;100
107.170.208.37;100
172.212.58.250;100
43.163.225.151;100
172.212.60.93;100
43.134.236.223;100
92.204.139.118;100
38.255.229.192;100
85.245.107.230;100
217.72.125.172;100
165.154.120.253;100
42.192.61.198;100
107.170.224.30;100
112.199.173.82;100
206.189.32.56;100
150.109.203.159;100
218.161.1.151;100
154.212.141.138;100
223.247.134.165;100
43.134.116.107;100
52.128.225.139;100
187.110.238.50;100
192.241.156.218;100
192.241.204.54;100
77.68.22.155;100
35.244.25.124;100
43.134.107.227;100
82.165.215.24;100
167.88.63.96;100
43.156.8.253;100
71.6.134.233;100
103.58.7.177;100
170.245.120.120;100
104.191.141.68;100
159.203.208.30;100
211.230.137.133;100
100.8.84.162;100
103.56.114.110;100
109.226.15.176;100
122.176.108.34;100
35.216.167.199;100
102.165.48.45;100
122.187.227.236;100
35.194.159.73;100
109.206.237.11;100
64.227.77.69;100
101.202.25.151;100
129.226.88.9;100
192.24.44.91;100
96.126.115.153;100
112.197.113.76;100
91.239.207.135;100
94.103.124.104;100
121.202.152.13;100
206.189.123.244;100
212.95.52.76;100
18.118.140.108;100
45.141.215.167;100
114.34.106.146;100
188.166.211.7;100
89.46.223.31;100
64.62.197.228;100
112.220.104.18;100
194.50.16.12;100
138.118.4.168;100
115.97.253.199;100
190.85.15.251;100
107.180.105.183;100
190.129.122.95;100
43.163.202.245;100
128.199.58.12;100
180.101.88.241;100
43.153.171.131;100
96.1.101.84;100
200.207.196.181;100
59.98.83.57;100
162.62.219.36;100
183.106.16.172;100
192.241.207.104;100
124.156.223.57;100
106.14.141.234;15
148.66.132.204;100
62.234.180.14;15
198.199.119.67;100
154.213.17.187;15
154.213.17.174;15
103.198.103.152;100
45.33.42.25;100
59.31.96.156;100
64.23.174.248;100
146.56.208.163;15
45.125.67.49;15
115.223.28.8;100
156.236.73.61;100
51.255.167.42;100
111.21.185.134;100
43.134.100.15;100
103.143.72.165;100
112.122.34.43;100
129.146.173.29;100
194.88.207.226;100
195.138.73.243;100
58.34.176.82;100
121.196.246.167;15
64.62.197.179;100
94.156.79.114;15
198.12.114.232;100
45.207.36.45;15
43.133.32.77;100
103.30.17.17;15
91.92.252.107;15
43.156.33.129;100
172.210.41.151;15
170.64.210.247;15
80.94.92.65;100
167.88.172.166;15
163.44.196.162;100
43.134.176.185;100
124.156.194.213;100
124.156.223.49;100
97.74.95.243;100
51.77.66.84;100
153.34.223.7;100
45.15.156.9;15
178.128.228.252;15
68.199.186.80;100
185.242.226.26;100
43.155.186.141;100
90.48.65.246;100
111.229.158.40;15
39.109.113.98;100
124.71.106.234;15
51.91.249.38;100
47.120.52.161;15
166.113.40.61;100
154.201.83.203;15
187.102.174.154;100
10.4.4.13;15
124.222.15.103;15
192.166.123.50;100
61.139.24.20;15
45.79.114.208;100
59.37.19.223;100
68.183.50.103;100
43.133.22.53;15
103.84.236.222;100
198.199.113.94;100
114.239.187.116;100
124.163.214.229;100
14.39.203.63;100
159.75.241.94;100
13.91.164.15;100
94.103.124.97;100
43.128.87.35;100
58.56.23.210;100
109.206.237.232;100
51.124.190.250;100
132.247.232.152;100
149.50.98.108;100
157.230.232.41;15
150.109.255.144;100
121.40.58.137;100
154.213.17.156;15
162.243.143.53;100
190.107.22.89;100
43.153.22.191;100
119.251.162.166;15
104.250.50.142;100
193.233.132.175;15
114.217.51.183;100
43.134.237.227;100
91.240.52.224;100
140.249.204.169;100
152.32.141.40;100
18.118.120.109;100
45.79.223.182;100
165.154.113.115;100
1.26.70.2;100
43.156.70.79;100
106.246.228.154;100
47.236.189.124;100
134.209.144.12;100
170.106.148.194;100
40.115.18.231;100
43.133.64.231;100
45.227.253.130;100
52.160.46.145;100
18.191.216.163;100
43.131.250.182;100
87.236.176.173;100
165.22.39.64;100
193.220.53.139;100
124.156.224.35;100
1.55.33.86;100
43.156.97.62;100
171.104.234.75;100
103.101.160.198;100
139.59.25.223;100
192.241.208.64;100
43.156.122.54;100
210.113.92.59;100
58.27.134.52;100
147.45.78.74;15
165.154.36.218;100
192.42.116.179;100
39.104.73.239;15
43.153.29.103;100
91.92.247.95;15
77.224.92.128;100
45.91.8.8;15
1.31.80.222;100
111.173.117.130;15
111.229.211.161;15
43.153.71.29;100
52.155.97.150;15
103.211.17.82;100
65.109.58.235;15
199.45.154.78;100
178.62.57.69;15
88.214.26.33;15
59.48.56.38;100
170.64.231.144;15
64.62.197.73;100
13.212.214.23;15
88.210.37.232;100
159.192.105.100;100
43.134.76.213;100
104.168.64.182;15
46.35.124.234;100
104.168.57.36;15
104.168.64.172;15
116.62.148.226;100
162.243.133.38;100
104.168.57.35;15
43.133.230.40;100
93.118.106.118;100
184.105.237.195;15
103.226.248.146;100
27.109.166.57;100
43.133.190.118;15
43.134.56.143;100
92.63.206.99;100
172.212.60.227;100
43.163.228.134;100
190.34.154.84;100
146.190.147.30;100
222.217.65.21;100
206.168.34.47;100
18.219.236.62;100
101.126.65.80;100
198.199.96.19;100
43.154.154.86;100
91.73.247.246;100
198.199.115.116;100
101.43.61.62;100
152.32.153.53;100
162.243.137.27;100
52.146.46.188;100
222.188.208.26;100
170.64.130.116;100
165.154.129.188;100
181.2.151.236;100
210.149.90.125;100
51.222.200.58;100
43.156.225.179;100
159.203.192.46;100
211.196.31.2;100
192.241.235.39;100
43.163.243.57;100
49.65.211.153;100
58.147.187.20;100
41.139.177.151;100
54.39.144.25;100
78.186.24.210;100
217.70.186.133;100
165.154.18.224;15
117.88.100.240;100
49.51.184.52;100
101.126.6.108;100
43.133.67.249;100
145.239.196.231;100
103.146.16.45;100
157.245.220.226;100
85.255.60.7;100
198.199.101.88;100
43.163.219.137;100
43.134.102.98;100
79.133.46.213;100
158.174.168.185;100
183.236.221.57;100
43.163.234.69;100
115.23.23.103;100
218.149.228.153;100
81.229.15.242;100
142.44.247.114;100
46.101.158.184;100
106.75.54.33;100
180.100.197.151;100
91.225.217.225;100
115.241.83.2;100
192.241.193.9;100
43.128.75.168;100
43.128.111.199;100
116.39.142.26;100
181.177.228.50;100
196.3.62.66;100
205.185.123.214;100
170.64.236.187;100
181.55.188.218;100
121.202.154.25;100
165.90.121.85;100
194.26.192.16;100
74.208.142.53;100
43.128.80.127;100
43.156.35.178;100
125.168.111.80;100
185.242.226.27;100
200.201.202.66;100
104.250.49.238;100
74.195.61.73;100
162.248.102.80;100
185.76.70.188;100
187.112.129.142;100
192.241.197.4;100
58.222.154.34;100
103.226.124.158;100
27.254.47.59;100
34.72.42.51;100
103.146.232.189;100
8.218.89.123;100
58.17.128.7;100
43.133.176.7;15
111.68.102.29;100
154.212.141.176;100
72.181.146.87;100
110.14.192.20;100
193.32.162.77;100
45.156.129.22;100
143.198.222.239;100
124.156.198.8;100
192.42.116.208;100
202.51.208.170;100
41.59.86.232;100
139.59.9.198;100
183.56.233.115;100
113.31.118.167;100
82.207.8.154;100
60.217.78.80;100
159.89.232.138;100
186.121.205.66;100
43.134.66.186;100
78.73.146.173;100
124.156.213.75;100
152.32.149.246;100
103.154.184.42;100
112.27.108.12;100
123.100.66.241;100
129.226.212.230;100
66.188.226.116;100
122.38.251.9;100
43.134.111.32;100
49.51.187.152;100
34.41.17.26;100
43.156.113.241;100
85.133.151.25;100
103.165.81.95;15
159.89.163.132;100
45.157.150.163;100
20.197.44.186;100
37.27.45.203;15
128.1.32.206;100
1.28.192.118;100
172.67.222.157;15
92.205.14.159;100
209.38.152.210;15
93.177.102.47;15
103.146.179.123;15
107.173.201.151;15
41.98.13.101;15
43.128.72.62;100
45.152.85.10;15
64.23.196.210;15
67.254.156.170;100
167.88.172.78;15
45.15.156.0;15
116.236.142.18;100
91.121.47.45;15
138.68.99.222;15
143.198.179.9;15
38.47.107.44;15
47.96.72.192;15
106.14.143.151;15
124.223.9.21;15
35.224.58.250;15
178.69.76.191;100
38.60.217.159;15
116.205.185.98;15
116.62.197.217;15
54.37.226.59;15
154.201.73.20;15
211.224.41.185;100
91.92.255.137;15
39.100.90.3;15
192.187.112.106;15
121.37.230.155;15
154.213.17.132;15
43.153.32.102;100
220.228.152.176;100
141.95.211.147;100
150.109.197.33;100
222.114.132.13;100
34.101.126.15;100
43.153.177.52;100
124.223.169.131;100
193.223.105.214;100
194.110.13.19;100
165.232.155.246;15
167.71.169.160;15
94.156.79.186;15
109.120.177.64;15
101.200.121.56;15
103.163.119.218;100
172.234.92.6;15
118.195.132.31;100
178.62.55.204;15
43.132.130.145;15
146.70.80.94;15
216.153.61.72;15
103.146.232.253;100
138.124.183.209;15
68.183.232.201;15
213.32.39.35;100
3.17.150.163;100
160.176.159.27;15
213.175.217.81;100
118.193.69.131;100
206.168.34.121;100
101.126.11.251;100
102.215.218.80;100
223.197.248.209;100
35.212.241.96;100
104.250.50.184;100
43.153.1.62;100
107.170.225.25;100
36.137.112.13;100
47.120.17.76;15
139.159.241.73;15
111.15.174.49;100
146.19.106.236;15
103.82.241.206;100
103.19.190.92;100
78.142.18.222;15
49.233.206.56;15
94.154.172.83;15
95.217.210.118;15
192.241.235.22;100
34.210.168.103;15
147.78.103.182;15
147.45.79.42;15
51.15.249.226;15
213.199.35.149;15
118.193.69.126;100
45.139.104.76;15
36.137.188.245;100
177.153.69.10;100
200.26.235.55;100
27.254.235.3;100
43.156.6.42;100
198.12.242.203;100
43.133.57.239;100
121.202.155.61;100
162.243.136.70;100
170.106.64.165;100
110.42.109.185;100
125.160.11.30;100
178.35.155.182;100
196.245.250.10;100
129.226.144.58;100
202.110.1.13;100
118.25.18.106;100
43.156.30.2;100
150.109.13.165;100
150.109.18.87;100
152.42.194.121;100
104.21.46.21;15
43.156.241.167;100
149.7.217.27;100
39.103.217.92;15
103.138.80.39;100
175.6.72.180;100
43.134.118.49;100
103.157.142.141;15
107.170.248.16;100
120.232.132.200;100
43.154.162.100;100
125.124.122.120;100
129.226.208.179;100
74.226.196.232;100
118.107.57.100;15
134.122.206.87;100
185.243.5.56;100
39.100.160.230;100
119.96.132.94;100
179.42.153.4;100
74.234.146.205;100
190.151.101.37;100
120.69.153.69;100
206.168.34.114;100
58.254.0.5;100
101.36.123.67;100
34.81.214.64;100
103.218.241.7;100
43.159.49.29;100
104.131.144.28;100
104.223.129.149;100
128.1.32.251;100
107.170.225.15;100
107.170.227.14;100
107.170.231.41;100
178.77.194.70;100
43.163.214.93;100
107.170.238.10;100
201.54.241.37;100
154.217.150.12;15
107.170.239.34;100
91.92.249.198;15
150.109.19.36;100
91.92.254.78;15
107.170.247.46;100
107.172.44.170;15
107.170.248.13;100
107.170.248.44;100
107.170.249.41;100
179.42.153.14;100
185.180.143.175;100
185.229.237.201;15
107.170.252.58;100
111.230.98.22;15
107.170.255.30;100
43.130.252.161;15
209.222.0.68;15
108.165.94.240;100
60.205.115.92;15
38.147.170.150;15
112.161.23.195;100
43.139.205.56;15
43.153.219.74;100
118.31.116.9;15
18.117.81.240;100
43.153.178.59;100
23.95.60.77;15
178.68.88.21;100
20.205.11.156;15
43.155.136.239;100
162.243.141.46;100
20.2.148.240;15
175.196.165.155;100
103.183.114.3;100
118.123.105.92;100
118.193.40.191;100
23.224.95.65;15
45.142.112.146;15
118.193.59.194;100
37.114.60.165;15
118.194.250.60;100
107.175.70.118;15
121.18.80.146;100
125.74.148.176;100
157.230.3.81;100
170.106.190.179;100
167.99.120.194;100
124.223.141.114;100
125.122.27.208;100
185.217.131.229;100
65.49.1.69;100
85.208.96.196;100
128.14.188.99;100
13.91.164.74;100
104.250.50.16;100
137.184.209.178;100
137.184.255.50;100
159.203.4.87;100
117.69.255.239;100
138.68.208.38;100
138.199.41.76;100
107.175.245.219;15
177.191.167.181;100
103.172.205.61;100
183.102.141.65;100
154.205.138.216;15
124.156.196.136;100
128.199.182.19;100
47.105.86.47;15
141.98.11.128;100
89.185.84.115;15
77.221.151.38;15
175.178.40.24;100
152.32.215.244;100
109.134.55.247;100
146.88.241.134;100
146.88.241.164;100
146.88.241.184;100
146.88.241.204;100
188.255.0.229;100
199.45.154.24;100
43.153.170.99;100
146.88.241.82;100
150.109.195.51;100
152.32.170.230;100
152.32.206.87;100
103.160.107.113;100
152.89.198.141;100
152.89.198.145;100
51.89.51.67;100
116.33.213.28;100
152.89.198.84;100
152.89.198.85;100
184.145.11.251;100
1.117.91.115;100
49.51.178.186;100
150.230.58.58;100
159.203.192.39;100
162.243.150.38;100
208.109.188.104;100
43.156.169.236;100
72.167.55.58;100
82.208.20.112;100
148.113.172.199;100
209.141.33.240;100
198.74.56.46;100
150.109.196.134;100
162.243.134.63;100
49.7.135.226;100
92.205.19.74;100
50.214.100.27;100
116.114.84.234;100
170.106.105.249;100
103.57.210.199;100
107.170.236.28;100
165.227.225.55;100
68.183.89.141;100
91.215.85.16;15
174.138.51.232;15
139.59.41.182;15
202.21.123.196;100
139.59.156.81;15
174.138.51.159;15
159.203.9.75;15
188.166.85.113;100
161.35.210.154;15
159.223.220.220;15
138.197.90.26;15
112.199.157.242;100
94.181.180.171;100
68.183.48.122;15
66.76.154.140;100
64.226.124.214;15
64.225.17.60;15
113.31.107.202;100
64.23.251.20;15
121.202.152.7;100
64.23.251.7;15
64.23.232.47;15
162.243.131.26;100
162.243.131.31;100
185.93.221.109;15
162.243.133.10;100
162.243.142.68;100
46.24.5.186;100
162.243.149.37;100
162.243.150.40;100
52.72.90.103;15
43.155.169.80;100
80.75.40.45;15
162.243.150.45;100
64.227.140.244;15
165.154.118.169;100
93.127.202.69;15
165.154.164.79;100
14.178.208.233;15
165.154.172.37;100
18.159.103.213;15
49.51.187.66;100
77.91.70.104;15
69.197.140.27;100
54.202.238.187;15
190.70.119.188;15
165.154.221.175;100
45.141.84.135;15
35.192.76.216;15
43.155.174.8;100
193.227.134.120;15
45.95.174.253;15
93.123.39.19;100
45.95.174.39;15
149.28.25.144;15
165.154.36.107;100
165.154.40.244;100
46.246.86.14;15
3.145.119.199;100
34.92.81.41;100
43.130.203.240;100
45.179.200.140;100
172.212.61.116;100
45.79.225.32;100
103.176.78.193;100
147.235.228.132;100
162.62.213.161;100
172.212.62.145;100
175.140.54.212;100
14.103.40.163;100
192.3.239.26;15
110.39.9.122;100
194.224.20.130;100
203.128.181.121;100
43.134.93.85;100
178.75.231.234;100
192.241.218.52;100
103.140.239.128;15
222.74.3.26;100
60.169.120.17;100
192.241.219.61;100
211.220.131.188;100
43.130.16.74;100
85.208.117.104;100
222.74.207.35;100
23.94.117.230;100
35.244.32.76;100
162.243.135.9;100
180.19.163.34;100
43.135.172.35;100
45.192.178.254;15
118.26.110.118;100
124.239.168.74;100
150.109.203.193;100
31.208.168.106;100
45.33.78.70;100
221.226.112.74;100
106.75.168.47;100
103.116.245.79;15
116.113.253.142;100
175.178.54.48;15
44.194.227.114;15
121.142.146.167;100
57.128.52.136;15
64.62.197.98;100
122.114.14.77;100
186.190.247.76;100
107.174.186.236;100
182.160.119.132;100
185.242.226.23;100
185.242.226.28;100
158.51.96.38;100
70.188.221.56;100
72.167.59.58;100
92.205.231.161;15
106.75.233.204;100
137.184.116.83;100
92.205.129.120;15
192.241.195.22;100
49.229.153.138;100
60.221.224.220;100
89.34.237.212;15
91.92.250.104;15
112.199.149.205;100
39.109.127.135;15
193.92.65.11;15
46.246.80.7;15
147.78.103.197;15
43.139.113.158;15
52.26.153.104;15
192.241.196.8;100
45.63.124.134;15
120.46.59.252;15
109.120.177.48;15
185.125.50.198;15
54.36.113.159;15
18.253.226.108;15
84.249.120.228;15
13.126.220.163;15
18.118.8.124;15
142.93.142.34;15
89.117.172.225;15
192.241.196.123;100
192.241.196.126;100
101.32.109.42;100
192.241.204.82;100
172.104.210.105;100
192.241.206.16;100
192.241.207.87;100
103.198.26.173;15
192.241.210.20;100
192.241.212.43;100
192.241.212.52;100
192.241.216.46;100
45.88.90.46;15
47.241.218.217;15
195.123.226.91;15
192.241.220.47;100
192.241.223.21;100
192.241.226.54;100
192.241.227.63;100
122.169.105.19;100
192.241.204.38;100
192.241.212.44;100
192.241.231.48;100
83.233.242.245;100
192.241.234.43;100
192.241.235.34;100
192.241.237.44;100
43.156.170.134;100
104.21.29.237;15
43.163.194.3;100
64.62.197.136;100
193.163.125.188;100
62.182.116.63;100
193.163.125.217;100
193.56.253.154;100
156.208.165.247;15
194.26.195.9;100
91.92.247.69;15
94.105.105.134;100
122.155.167.166;15
196.189.124.218;100
93.188.84.39;100
119.4.250.94;100
193.163.125.203;100
129.226.90.19;100
198.199.110.34;100
198.199.113.7;100
198.199.113.92;100
88.214.26.29;15
198.199.116.29;100
185.216.117.157;15
198.199.117.129;100
80.66.75.43;15
220.83.208.16;100
101.201.46.144;15
198.199.98.118;100
88.214.27.89;15
211.159.172.150;15
188.114.97.3;15
198.199.118.62;100
45.195.198.98;100
185.172.128.6;15
180.76.140.66;100
62.173.46.250;100
101.32.141.81;100
121.178.185.141;100
185.42.14.185;15
182.78.142.4;100
101.200.197.134;15
43.134.180.115;100
49.249.83.115;100
91.92.254.165;15
212.100.67.251;100
158.220.106.37;15
162.243.150.12;100
89.117.151.8;15
51.38.70.1;15
57.129.16.213;15
170.75.242.105;100
78.40.116.170;15
209.14.69.249;15
143.198.199.217;15
206.168.34.46;100
137.184.10.195;15
128.199.180.45;15
146.190.135.213;15
138.68.97.101;15
138.68.97.171;15
45.95.169.113;15
111.70.36.174;100
193.37.69.34;100
213.199.42.144;100
221.165.172.38;100
202.53.175.36;100
213.199.42.225;100
152.32.203.245;15
218.161.74.199;100
219.139.83.165;100
121.41.118.68;100
220.248.173.137;100
103.124.196.184;100
185.180.143.171;100
42.236.69.191;100
118.31.118.253;15
162.243.135.17;100
102.223.151.222;100
43.135.131.247;100
80.66.75.106;100
12.110.86.238;15
90.227.93.220;100
13.213.98.121;15
91.92.247.254;15
185.216.70.210;15
41.99.107.210;15
69.159.0.21;15
201.216.208.4;100
77.126.168.121;15
154.82.65.35;15
60.167.19.189;100
64.23.159.147;15
72.16.98.242;100
209.151.148.194;15
51.8.90.242;15
45.115.173.11;100
86.60.160.90;15
31.42.185.190;15
45.128.232.190;100
164.92.80.224;15
50.114.37.38;15
129.226.154.137;15
180.188.253.150;100
42.51.41.163;100
136.0.9.101;15
43.156.133.239;100
64.62.197.120;100
128.1.39.32;100
188.166.250.214;100
193.36.225.9;100
107.170.245.35;100
43.134.70.129;100
94.127.212.198;100
43.230.199.130;100
157.10.72.130;100
203.252.10.4;100
157.230.40.39;100
45.123.188.151;100
45.128.232.61;100
176.215.5.13;100
43.134.35.239;100
50.236.203.254;100
103.140.239.62;15
198.199.109.12;100
43.134.105.44;100
45.6.101.26;100
80.66.75.108;100
43.135.179.45;100
47.74.20.44;100
113.250.191.26;100
61.178.65.2;100
107.144.152.120;100
46.255.237.104;100
47.94.5.171;100
41.249.109.159;15
45.91.8.229;15
14.225.253.60;100
104.250.49.9;100
60.43.35.35;100
143.42.1.34;100
172.174.72.225;100
43.153.183.254;100
58.144.233.25;100
162.243.132.34;100
106.75.48.145;100
217.182.74.125;100
60.173.114.254;100
85.111.16.189;100
176.123.1.145;100
27.71.237.15;100
64.62.156.18;100
64.62.156.51;100
71.6.167.142;100
167.172.20.50;100
85.221.205.206;100
116.14.24.234;100
64.62.197.156;100
64.227.146.23;100
203.55.196.146;100
65.49.1.85;100
3.17.128.129;100
34.93.16.66;100
94.207.24.223;100
222.223.118.67;100
138.68.19.125;100
76.66.248.190;100
43.135.157.97;100
67.205.190.61;100
98.70.37.201;100
43.134.172.119;100
103.220.205.230;100
101.36.111.175;15
109.161.53.123;100
167.172.82.103;100
80.72.25.77;100
129.226.88.173;100
89.252.146.211;100
45.148.120.189;15
181.49.8.58;100
193.32.179.234;15
223.197.166.78;100
51.79.156.153;100
36.156.187.157;100
190.188.241.93;100
87.121.112.35;15
87.98.243.61;100
192.241.233.36;100
198.199.119.127;100
91.92.249.128;100
96.40.105.49;100
91.92.250.101;100
209.94.56.52;15
91.92.251.235;100
82.205.72.17;15
77.197.141.14;100
94.156.66.81;100
18.166.176.116;15
104.194.79.234;15
143.92.62.29;100
47.94.88.4;15
89.208.105.144;15
37.120.166.23;100
45.88.186.159;15
20.67.206.46;15
45.80.158.62;100
62.233.57.237;15
94.156.71.223;100
195.123.226.83;15
98.96.193.51;100
42.51.37.190;100
195.123.233.245;15
43.129.31.59;15
190.181.15.3;100
143.198.237.101;15
172.212.60.107;100
35.72.161.191;15
62.16.138.119;100
162.243.143.21;100
130.63.213.199;15
103.82.132.120;15
185.62.58.73;15
173.255.243.63;100
92.243.64.130;15
213.87.44.192;15
219.144.98.12;15
98.98.118.81;15
185.100.53.120;100
217.237.87.199;15
150.109.204.186;100
18.218.61.16;100
157.245.52.79;100
218.214.116.88;100
123.57.85.206;15
192.241.204.4;100
152.136.100.26;15
223.22.233.98;100
46.101.84.20;100
152.32.243.231;100
156.224.20.92;15
192.241.204.75;100
49.232.157.82;15
14.63.46.186;100
128.199.141.212;15
18.166.113.176;15
222.104.28.85;100
20.253.190.200;100
107.172.159.202;15
129.204.169.101;15
43.134.75.53;100
65.20.107.130;15
35.221.150.166;15
91.92.242.190;15
43.156.212.126;100
61.240.29.221;15
61.240.29.215;15
43.153.194.186;100
173.211.46.172;15
172.247.44.182;15
164.92.68.140;100
154.3.1.252;15
107.150.47.82;15
103.180.163.225;100
47.92.131.203;15
117.95.225.34;100
51.68.228.235;100
195.175.22.38;100
45.116.79.9;15
20.106.253.207;15
59.173.19.44;100
107.170.242.19;100
109.247.168.26;100
91.202.233.234;15
118.193.69.81;100
159.65.203.200;100
192.241.230.12;100
146.70.198.22;15
185.184.155.124;100
192.54.57.69;15
43.134.42.239;100
115.73.12.145;100
193.37.59.58;15
180.168.60.146;100
104.168.145.52;15
104.168.151.34;15
104.168.151.70;15
139.196.95.112;100
104.168.136.24;15
69.49.246.187;100
157.245.33.108;100
170.64.228.80;100
192.241.222.93;100
159.223.39.143;100
192.241.195.116;100
43.130.16.130;100
77.53.91.200;100
23.224.176.68;15
96.19.196.214;100
146.88.241.44;100
198.12.220.99;100
199.45.154.17;100
49.207.248.98;100
211.245.106.55;100
43.134.105.60;100
80.147.204.148;100
103.230.176.152;100
18.221.41.214;100
121.66.124.146;100
124.239.169.52;100
182.160.114.72;100
148.113.182.51;15
113.219.177.95;100
200.33.171.65;100
139.59.37.241;100
139.99.200.254;100
43.134.126.194;100
122.154.48.30;100
146.88.241.140;100
128.199.25.75;100
137.220.191.189;100
94.190.222.124;100
220.180.46.183;100
69.175.34.140;100
39.100.109.229;15
150.158.141.97;15
103.110.84.249;100
107.174.235.118;15
120.46.91.175;15
188.254.105.115;100
39.100.79.87;15
160.174.129.232;100
150.242.140.105;100
173.201.186.36;100
109.245.65.75;100
175.6.97.174;100
43.153.215.85;100
43.156.80.15;100
121.155.231.244;100
209.97.179.25;100
43.134.33.136;100
103.113.70.99;15
79.174.94.83;15
119.28.233.250;100
172.245.186.56;15
106.255.89.9;100
150.109.21.98;100
85.105.113.40;100
49.245.110.179;100
91.92.252.220;15
164.77.117.10;100
45.88.90.17;15
91.92.247.178;15
124.235.224.14;100
45.88.90.30;15
91.92.249.233;15
20.94.177.31;15
162.243.151.36;100
168.194.15.110;100
119.91.45.113;15
43.135.134.244;100
107.148.1.41;15
65.49.20.100;100
186.5.163.122;15
185.196.11.35;100
45.82.69.217;15
45.150.64.135;15
96.70.92.177;15
190.98.251.5;100
122.100.188.124;15
207.231.109.20;15
152.228.131.33;100
158.160.87.195;15
140.249.32.157;15
182.71.112.197;100
43.134.185.197;100
36.37.191.158;100
43.155.179.71;100
4.228.225.104;100
5.182.38.128;100
88.152.254.109;100
146.120.231.47;100
23.26.108.89;100
203.86.123.47;100
38.68.48.24;100
40.66.45.115;100
43.134.105.175;100
43.142.253.33;100
43.155.156.253;100
84.247.146.113;100
45.88.90.89;100
45.88.90.205;100
54.37.79.75;100
80.94.92.96;100
87.121.105.28;100
113.137.40.78;100
152.32.145.180;15
222.92.132.17;100
124.156.194.29;100
43.163.196.123;100
147.124.212.89;15
107.184.125.68;100
147.124.214.129;15
139.198.16.118;100
147.124.214.131;15
178.15.162.243;100
147.124.214.237;15
124.156.199.133;100
67.203.7.171;15
186.219.248.122;100
67.203.7.245;15
106.12.133.177;100
81.0.246.30;100
46.246.14.10;15
135.125.106.173;100
152.42.238.248;100
107.170.225.14;100
122.155.186.160;100
43.156.97.98;100
162.243.142.48;100
91.134.147.249;100
182.149.104.55;100
91.199.166.183;100
103.10.46.247;100
103.20.248.188;100
20.219.21.194;100
41.216.181.227;100
141.95.114.193;100
23.26.220.6;100
115.245.172.214;100
185.196.220.194;15
192.169.69.25;15
69.235.173.44;100
119.202.250.32;100
193.222.96.67;100
193.222.96.110;100
170.187.163.133;100
183.56.249.157;100
217.114.43.68;100
199.45.154.28;100
222.184.40.150;100
103.119.104.224;100
104.250.49.150;100
200.237.128.234;100
107.170.233.41;100
144.48.240.85;100
43.128.89.189;100
64.62.156.83;100
18.218.38.125;100
58.241.38.134;100
104.250.50.224;100
3.137.171.121;100
115.159.62.32;15
74.193.205.159;100
45.144.3.139;15
60.205.245.29;15
171.244.50.39;100
36.138.134.121;100
43.134.183.213;100
46.24.137.143;100
150.109.23.87;100
119.28.111.112;100
139.84.234.159;15
104.214.168.71;15
137.184.255.26;100
36.138.91.22;15
45.32.128.185;100
205.234.181.240;15
12.110.86.243;15
64.227.131.100;100
178.128.22.83;15
194.116.214.33;100
122.248.198.64;15
43.254.158.185;100
85.107.24.39;15
176.44.95.96;15
116.113.248.110;100
188.49.116.130;15
165.22.59.198;100
144.208.127.115;15
47.237.2.214;100
62.210.188.78;15
109.206.237.38;100
94.156.79.0;15
111.33.160.126;100
165.227.68.95;100
77.221.151.0;15
210.91.163.134;100
74.82.47.55;100
177.66.164.26;100
34.136.100.165;100
10.31.16.5;15
117.158.243.50;100
119.45.171.159;15
187.51.208.158;100
120.55.36.136;15
39.104.28.176;15
193.163.125.68;100
38.107.146.158;15
139.144.33.158;15
198.199.108.33;100
43.141.11.12;15
101.33.192.242;15
118.194.253.21;100
117.187.245.242;15
128.1.32.196;100
111.51.156.246;15
159.203.90.95;100
43.141.50.122;15
121.43.33.41;15
108.178.138.237;100
47.76.153.170;15
128.199.118.234;100
101.201.54.74;15
80.66.75.9;15
137.184.38.234;100
60.223.245.120;100
43.133.40.23;100
81.19.136.252;15
43.163.230.39;100
156.224.25.183;15
62.234.223.69;15
64.62.156.45;100
10.31.16.216;15
138.197.6.253;100
124.222.98.112;15
43.134.95.210;100
77.82.91.41;100
47.98.247.113;15
123.114.30.120;100
193.112.85.116;15
43.136.176.207;15
43.133.70.4;100
185.78.118.161;100
20.84.41.71;100
42.193.117.162;15
157.245.12.65;15
50.223.37.170;100
117.50.188.167;15
122.179.131.55;100
43.153.202.176;15
220.73.27.208;100
103.150.10.45;15
103.196.165.110;100
36.37.181.181;100
120.78.139.9;15
107.172.219.81;100
47.113.150.236;15
47.101.37.46;15
192.227.231.198;100
47.243.59.237;15
195.141.226.43;100
112.124.34.225;15
185.255.90.193;100
103.146.50.218;15
124.156.166.78;15
20.206.107.214;100
47.98.58.24;100
45.207.38.71;15
47.76.219.122;15
128.199.144.161;100
46.101.137.168;15
202.39.239.109;100
111.229.200.233;15
49.156.148.93;100
180.76.164.4;100
43.163.237.109;100
170.106.109.13;100
120.48.74.47;100
122.175.193.205;100
181.214.94.59;100
51.158.176.171;100
43.254.156.121;100
143.208.219.190;100
175.208.96.90;100
192.241.194.103;100
43.153.87.16;100
119.198.18.67;100
70.166.207.76;100
43.134.183.116;100
43.157.62.192;100
103.151.20.4;100
120.33.137.113;100
175.97.136.186;100
186.248.134.157;100
121.188.118.249;100
157.245.99.230;100
85.120.244.156;100
43.163.206.150;100
49.51.194.41;100
103.149.86.21;100
123.184.96.154;100
59.2.49.185;100
101.32.126.49;100
94.156.71.19;100
139.59.5.84;100
36.153.0.227;100
115.166.142.18;100
210.106.114.183;100
3.137.192.3;100
13.59.82.167;100
162.243.152.13;100
162.243.146.62;100
5.26.173.16;100
152.32.249.30;100
116.87.157.48;100
184.105.139.122;100
101.36.108.158;100
190.153.140.23;100
198.199.117.130;100
39.109.212.19;100
163.5.196.34;100
43.153.30.2;100
107.170.228.41;100
202.112.212.169;100
222.107.87.225;100
161.35.207.20;100
205.185.113.189;100
120.48.123.165;100
195.177.255.126;100
14.18.107.19;100
45.122.123.84;100
182.176.82.188;100
43.153.6.8;100
79.110.62.16;100
58.18.88.146;100
101.126.4.240;100
119.96.153.75;100
43.133.12.249;100
103.77.233.166;100
120.48.137.162;100
162.214.103.216;15
190.223.36.108;100
162.214.103.215;15
41.79.46.104;100
43.153.81.253;100
117.72.41.83;100
170.245.229.242;100
36.134.85.145;100
103.106.154.142;100
34.135.214.214;100
192.210.228.228;100
203.81.213.46;100
43.156.41.202;100
45.88.90.40;100
64.62.197.182;100
122.165.79.223;100
212.129.249.68;100
223.197.153.135;100
36.41.184.136;100
60.213.28.166;100
81.227.20.25;100
184.168.114.42;100
207.180.247.77;100
43.163.195.115;100
49.51.107.203;100
60.164.242.224;100
101.99.245.89;100
43.156.17.168;100
107.173.251.187;100
49.176.220.21;100
89.46.223.35;100
170.106.189.85;100
190.10.8.95;100
92.133.49.211;100
43.163.204.21;15
198.199.108.45;100
162.214.197.33;100
202.109.249.246;100
14.238.137.2;100
45.5.159.34;100
85.234.37.64;100
8.210.97.247;100
173.44.141.119;100
43.163.238.175;100
112.6.127.244;100
178.128.146.86;100
177.66.22.18;100
43.135.31.172;100
94.156.71.8;100
103.146.233.187;100
192.241.235.30;100
89.116.236.8;15
3.141.24.134;100
74.91.116.85;15
18.190.156.80;100
167.114.127.89;15
195.181.164.244;15
3.21.231.245;100
61.91.14.158;100
61.136.164.12;100
103.175.188.36;100
2.59.181.107;100
93.123.85.48;15
107.170.192.29;100
154.197.26.199;100
118.219.233.153;100
186.16.41.158;100
162.243.130.36;100
220.88.29.162;100
213.199.42.217;100
162.243.138.50;100
184.105.139.85;100
220.247.223.56;100
81.19.208.112;100
201.249.204.178;100
23.95.48.151;100
62.171.168.97;100
14.103.42.179;100
50.62.144.122;100
193.222.96.215;15
103.164.26.38;100
80.239.141.135;100
75.87.138.152;100
49.156.33.172;100
186.227.193.156;100
91.92.244.15;15
64.188.168.211;100
106.75.104.5;15
143.198.219.151;100
106.75.174.5;15
45.136.15.175;15
51.89.94.28;100
139.196.174.180;15
64.227.107.166;15
218.78.113.206;100
43.153.39.82;100
148.135.72.115;15
178.217.72.50;100
185.53.179.172;15
38.76.73.6;100
104.247.82.172;15
192.241.231.44;100
43.156.84.147;100
185.122.204.197;15
45.195.198.55;100
93.183.94.157;15
154.38.226.29;15
167.99.8.87;100
143.92.36.161;15
192.241.219.45;100
35.216.152.157;100
51.75.58.75;100
107.189.5.238;15
124.222.173.133;15
60.174.134.144;100
104.250.34.46;100
89.117.1.207;15
34.176.48.134;100
61.28.231.190;100
211.253.10.96;100
110.232.115.198;15
27.96.84.210;100
45.142.212.16;15
112.162.111.140;100
94.156.64.148;15
23.254.144.29;15
103.25.47.94;100
43.198.238.210;15
150.158.140.156;100
117.72.38.14;15
151.237.3.52;100
104.214.168.52;15
117.72.64.94;15
194.186.100.170;100
124.221.56.114;15
159.203.208.38;100
182.75.216.74;100
151.30.238.53;15
189.175.199.252;15
183.107.151.167;100
103.215.80.54;15
218.22.11.106;100
45.55.38.40;15
206.168.34.56;100
220.203.1.193;100
178.128.110.36;100
45.55.0.9;100
61.80.241.73;100
115.41.206.174;100
39.165.199.5;100
182.53.52.68;100
200.29.173.21;100
221.152.89.46;100
8.219.252.107;100
45.89.20.42;100
31.43.202.110;100
103.14.154.231;100
103.162.20.168;100
39.98.194.229;100
64.62.197.43;100
150.109.196.190;15
113.11.34.221;100
119.96.175.35;100
128.199.254.8;100
82.197.58.225;100
92.70.200.24;100
129.226.193.248;100
43.134.170.153;100
20.118.69.178;100
196.189.8.134;100
82.156.67.187;100
87.248.226.146;100
170.106.107.252;100
36.93.247.227;100
43.163.242.250;100
36.138.56.92;100
209.225.130.94;100
118.194.249.114;100
3.145.163.58;100
18.218.184.214;100
43.163.239.88;100
61.222.211.114;100
43.153.47.161;100
121.202.152.165;100
91.92.252.19;100
154.219.160.0;15
85.236.167.126;100
154.0.0.0;15
104.250.50.140;100
106.13.222.172;100
182.61.25.91;100
222.97.57.248;100
157.90.209.76;100
47.88.101.3;100
47.254.74.59;100
185.132.134.173;100
41.200.95.182;15
47.245.32.187;100
14.143.255.43;100
43.134.185.214;100
103.130.219.128;100
143.198.200.56;100
145.239.198.34;100
183.91.186.93;100
106.54.226.19;100
221.195.208.238;100
43.131.228.203;100
182.92.188.189;100
222.97.77.186;100
43.153.175.210;100
43.153.177.119;100
3.142.98.108;100
88.173.16.154;100
175.206.85.133;100
202.62.89.98;100
185.218.139.228;100
195.24.207.250;100
198.199.92.46;100
79.161.173.100;100
175.206.105.126;100
194.45.76.230;100
43.131.249.158;100
43.163.217.205;100
157.245.104.97;100
223.71.52.10;100
14.103.46.222;100
52.191.4.58;100
119.186.61.60;100
125.99.173.162;100
118.174.134.189;100
118.220.31.109;100
78.189.141.164;100
94.191.106.186;100
185.196.9.120;100
211.252.27.38;100
54.39.85.55;100
42.240.141.37;100
113.161.222.251;100
150.109.252.88;100
43.163.243.125;100
170.106.119.212;100
218.55.114.89;100
43.133.211.94;100
43.153.216.21;100
111.21.228.34;100
118.193.35.209;100
91.92.250.88;15
103.75.180.250;100
124.156.205.16;100
188.17.156.132;100
183.6.115.88;100
192.241.238.39;100
121.37.214.255;15
193.163.125.18;100
43.134.94.87;100
170.0.235.253;100
79.124.59.226;100
103.10.44.7;100
203.198.129.123;100
113.161.158.12;100
80.240.28.100;15
203.150.140.105;100
120.46.39.241;15
220.118.147.50;100
77.221.151.32;15
72.167.106.179;100
181.214.147.25;15
101.126.65.210;100
91.188.254.6;15
202.188.109.48;100
94.156.64.152;15
43.134.36.143;100
94.156.64.149;15
115.95.180.244;100
123.30.157.54;100
51.77.2.80;15
37.27.45.33;15
123.58.199.98;100
12.110.86.242;15
116.48.142.227;100
54.220.169.173;15
43.153.27.98;100
47.74.20.158;100
60.204.232.46;15
199.45.154.57;100
123.207.16.205;15
47.113.219.67;15
43.134.232.254;100
103.98.131.106;100
46.246.84.12;15
211.253.37.225;100
85.99.83.235;15
218.92.0.123;100
12.207.244.211;100
157.20.182.102;15
45.87.155.112;15
165.22.70.82;100
45.137.155.47;15
87.55.251.171;100
43.154.80.163;15
62.122.184.194;100
219.144.235.110;100
109.123.252.6;15
223.83.132.9;100
109.120.178.98;15
218.78.78.102;100
45.79.123.66;15
3.15.229.113;100
3.19.31.73;100
65.190.102.226;100
68.183.225.172;100
43.134.51.6;100
143.198.146.239;100
167.172.255.61;100
89.46.223.32;100
85.208.96.211;100
107.170.239.21;100
18.117.153.38;100
192.241.201.87;100
45.86.86.131;15
152.228.217.94;100
43.134.117.99;100
176.97.75.205;15
43.153.87.90;100
118.194.250.31;100
43.159.146.113;100
161.35.182.145;100
77.232.142.143;100
89.187.164.172;100
185.253.219.219;100
96.78.175.36;100
193.233.132.169;15
43.153.175.28;100
118.182.32.16;100
185.126.34.211;100
118.194.249.183;100
152.32.171.48;100
218.55.114.90;100
20.197.49.240;100
185.182.56.12;15
118.26.36.15;100
124.45.40.189;100
59.2.234.206;100
37.140.216.216;100
91.92.247.241;15
189.57.151.124;100
91.92.247.240;15
118.193.57.151;100
139.59.33.79;100
170.106.197.18;100
91.92.242.45;15
103.144.246.18;100
91.92.243.124;15
111.173.104.138;100
39.129.132.163;100
43.134.100.154;100
91.92.241.108;100
91.92.243.123;15
123.157.65.154;100
91.92.243.122;15
43.153.48.171;100
196.0.120.211;100
91.92.246.165;15
170.106.188.240;100
47.245.25.181;100
123.50.130.96;100
124.232.199.73;100
107.170.236.32;100
157.245.106.227;100
91.121.239.65;100
190.61.46.126;100
91.92.241.192;15
192.241.229.19;100
223.84.134.138;100
91.92.243.86;15
124.251.110.147;100
152.207.157.182;100
43.128.116.7;100
46.238.32.247;100
94.156.71.143;15
103.179.111.6;100
67.191.63.138;15
146.190.98.22;100
192.169.69.26;15
43.156.18.172;100
124.156.223.124;100
94.207.23.146;100
129.21.249.149;100
107.175.69.54;15
206.168.34.40;100
186.169.46.127;15
5.42.80.148;100
43.128.88.129;100
172.116.51.241;100
43.153.45.106;100
43.157.105.136;100
186.169.36.138;15
111.70.12.111;100
202.62.72.35;100
186.169.55.162;15
94.255.203.246;100
186.169.80.74;15
118.193.47.212;100
181.235.5.32;15
123.222.234.171;100
186.169.80.207;15
36.64.33.82;100
155.0.203.22;100
186.169.69.60;15
104.248.50.109;100
51.155.11.120;100
61.81.143.68;100
150.95.183.194;100
223.197.172.72;100
129.226.151.216;100
101.36.107.65;100
165.22.249.193;15
171.244.0.91;100
5.26.78.157;100
91.137.234.139;100
8.242.175.222;100
124.156.197.57;100
3.144.202.167;100
123.212.20.131;100
218.211.171.143;100
223.171.91.140;100
87.246.7.62;100
116.48.147.101;100
139.59.31.108;100
43.163.221.113;100
122.169.42.241;100
128.199.70.247;100
185.193.17.21;100
68.178.246.137;100
175.117.144.158;100
103.221.255.105;100
91.237.163.36;100
120.32.50.50;100
121.171.160.144;100
122.224.205.114;100
14.55.1.171;100
43.163.219.110;100
43.134.107.91;100
43.153.175.221;100
43.153.186.220;100
121.204.164.96;100
162.241.87.50;100
170.106.104.189;100
43.134.55.199;100
117.71.53.210;100
134.122.27.24;100
61.77.250.113;100
162.243.135.4;100
60.223.255.130;100
73.104.112.175;100
104.131.144.12;100
206.168.34.41;100
1.235.222.197;100
43.163.214.214;100
194.169.175.184;15
162.243.152.4;100
213.118.170.113;15
198.199.110.73;100
94.224.234.108;15
152.32.210.193;100
192.241.217.37;100
218.219.255.116;15
95.164.22.250;100
198.199.114.97;100
43.134.25.106;100
104.250.50.2;100
161.35.142.12;100
156.236.73.153;100
31.220.77.230;100
43.153.1.87;100
129.226.215.3;100
146.70.111.146;100
154.222.232.53;100
174.84.254.118;100
87.198.60.128;100
51.38.51.236;100
163.5.112.246;100
198.23.165.102;100
74.82.47.8;100
43.128.108.38;100
118.243.43.7;15
43.159.142.157;100
222.230.144.112;15
90.161.217.228;100
61.213.102.62;15
117.158.161.98;100
92.205.146.3;100
222.150.151.23;15
114.158.55.198;15
137.184.255.27;100
107.170.244.30;100
109.91.155.213;100
103.42.57.165;100
77.221.158.237;100
27.71.26.238;100
43.133.254.28;100
77.34.2.175;100
164.92.244.70;100
43.153.99.176;100
147.78.47.176;100
196.207.177.97;100
43.134.116.96;100
54.39.20.16;100
118.43.95.157;100
183.131.186.38;100
183.237.243.50;100
121.227.31.13;100
150.95.31.43;100
202.157.186.28;100
150.109.7.139;100
134.255.232.30;15
139.59.42.255;100
192.241.219.57;100
193.142.146.101;15
51.38.51.48;100
129.226.95.156;100
203.110.90.130;100
116.203.15.80;15
120.157.80.246;100
40.82.208.79;15
101.35.19.119;100
137.184.57.0;15
205.185.125.109;100
218.21.246.198;100
87.175.73.111;15
192.140.255.127;100
185.209.161.184;15
121.170.218.158;100
134.209.232.150;100
114.96.71.150;100
103.118.28.187;100
111.8.246.3;100
203.204.244.134;100
203.63.67.52;100
74.82.47.2;100
107.170.241.18;100
180.228.124.81;100
185.25.119.198;100
43.130.42.10;100
13.58.39.23;100
43.133.36.93;100
3.14.70.203;100
18.117.107.90;100
43.133.213.190;100
106.116.209.107;100
43.135.133.138;100
44.200.227.197;100
152.32.139.190;100
152.32.140.12;100
78.29.41.83;100
91.148.190.170;100
117.220.15.119;100
47.236.121.71;100
43.153.143.177;100
101.36.112.113;100
43.153.111.82;100
96.10.249.114;100
102.23.222.227;100
104.195.12.37;100
182.176.138.162;100
116.48.138.69;100
211.230.96.60;100
97.74.80.116;100
206.189.55.247;100
175.213.246.49;100
113.31.105.230;100
119.252.143.6;100
144.217.181.137;100
43.156.164.76;100
165.154.170.223;100
69.49.246.48;100
218.55.114.94;100
43.134.91.156;15
40.83.219.24;100
103.221.80.92;100
43.134.0.11;100
103.175.198.207;100
113.57.96.119;100
193.122.140.203;100
43.163.205.248;100
118.89.70.251;100
43.131.233.210;100
43.157.97.37;100
111.67.192.94;100
180.250.18.177;100
190.224.35.62;100
202.21.44.239;100
192.241.208.20;100
45.167.163.78;100
165.154.11.206;100
188.192.104.71;100
31.173.21.16;100
111.230.198.63;100
119.164.90.109;100
43.159.47.103;100
154.198.192.88;100
152.136.194.70;100
43.134.236.165;100
109.103.24.40;100
123.175.94.194;100
220.123.110.183;100
192.241.224.28;100
183.105.214.111;100
101.33.73.168;100
103.143.248.87;100
118.145.146.78;100
124.156.206.84;100
165.227.111.8;100
64.62.197.112;100
124.114.180.50;100
172.233.57.39;100
192.42.116.178;100
43.154.203.106;100
61.178.84.137;100
43.153.180.207;100
103.144.3.14;100
124.89.8.8;100
181.104.24.185;100
190.129.60.125;100
43.134.233.227;15
14.177.235.155;100
111.229.16.113;100
192.241.227.37;100
43.134.118.30;100
43.156.27.150;100
180.101.88.201;100
43.133.67.85;100
103.59.113.71;100
203.80.23.199;100
103.97.179.23;15
2.57.149.186;100
103.186.215.63;15
39.103.225.8;100
103.148.245.113;15
43.153.84.47;100
43.153.69.183;100
43.156.33.44;100
209.126.87.92;15
49.0.87.123;100
87.120.84.140;15
116.50.251.164;100
94.228.168.60;15
43.156.1.71;100
125.133.46.2;100
20.99.133.109;15
43.155.158.19;100
43.156.228.30;100
68.178.145.205;100
177.152.57.61;100
177.130.49.151;100
144.34.172.83;100
46.249.124.234;100
165.232.190.153;100
199.201.110.40;100
101.36.97.131;100
146.190.41.214;100
154.209.5.214;100
18.116.239.195;100
47.236.161.153;100
64.62.156.110;100
122.194.12.206;100
146.255.254.114;100
210.177.249.193;100
3.129.45.92;100
18.117.182.179;100
18.189.2.122;100
18.216.190.167;100
194.65.69.71;100
209.97.186.17;100
61.180.116.224;100
94.156.71.200;100
118.194.236.126;100
159.203.224.41;100
192.241.225.20;100
93.185.167.176;100
165.154.190.219;15
184.74.212.29;100
179.43.180.74;15
188.119.66.141;100
185.196.9.234;15
139.198.153.50;100
167.99.131.228;100
175.203.61.33;100
202.106.50.50;100
64.62.156.77;100
168.196.165.141;100
38.47.104.129;15
213.55.85.202;100
23.146.184.79;100
43.138.10.232;15
147.45.71.210;100
188.43.241.169;100
173.255.112.6;100
191.252.120.194;100
43.156.64.128;100
125.212.198.118;100
185.220.100.252;100
43.153.207.98;100
152.32.141.172;100
192.241.211.31;100
199.45.154.72;100
103.67.163.151;100
117.247.88.81;100
210.222.106.148;100
64.62.197.159;100
139.150.69.56;100
143.198.99.244;100
222.105.78.179;100
45.128.232.152;100
60.174.39.82;100
94.131.9.239;15
45.128.232.67;100
31.129.98.188;15
51.77.149.188;100
185.216.70.189;15
43.156.79.21;100
23.94.66.43;15
64.62.197.108;100
20.240.192.104;15
65.49.1.49;100
65.49.20.122;100
199.192.192.93;15
156.236.75.85;100
175.10.46.187;15
192.141.148.100;100
49.51.194.230;100
69.159.0.152;15
221.157.14.171;100
45.137.155.52;15
221.156.126.1;100
88.147.102.70;100
146.190.60.217;15
138.97.151.4;100
80.71.149.154;15
198.199.95.111;100
94.6.155.2;15
38.173.107.201;15
43.153.93.148;100
101.126.70.140;100
61.182.130.108;15
152.89.245.140;100
45.9.148.192;15
221.155.253.68;100
64.62.197.107;100
45.89.53.206;15
118.45.113.206;100
43.134.41.164;100
43.156.93.19;100
68.178.160.133;100
68.183.228.109;100
150.109.5.71;100
189.174.67.170;100
43.153.77.112;100
59.56.73.141;100
121.202.152.253;100
172.67.188.21;15
43.159.141.162;100
198.199.104.76;100
203.12.200.243;100
149.106.141.163;100
181.117.244.39;100
41.75.211.6;100
60.108.212.174;100
107.170.245.28;100
117.50.163.254;100
118.194.251.69;100
38.128.246.209;100
42.98.186.233;100
223.197.162.18;100
43.155.147.150;100
128.199.245.117;100
43.163.245.191;100
103.31.119.10;100
43.134.184.137;100
101.36.119.230;100
101.227.203.163;100
59.27.212.168;100
94.206.67.82;100
150.109.5.130;100
185.242.226.43;100
223.30.243.110;100
47.245.3.38;15
198.199.105.59;100
15.204.52.61;100
218.94.28.22;100
104.250.49.104;100
121.175.248.28;100
80.251.153.161;15
159.203.192.47;100
24.152.123.16;100
206.168.34.186;100
185.180.143.79;100
143.198.111.61;100
194.38.23.16;100
101.36.116.45;100
43.133.33.168;100
112.132.162.90;100
170.106.73.154;100
1.237.137.30;100
64.62.197.7;100
47.95.220.193;100
103.144.244.107;100
107.170.255.21;100
43.130.28.218;100
124.156.213.47;100
129.226.193.194;100
43.155.129.23;100
117.72.9.152;100
191.177.132.4;100
35.226.126.79;100
85.97.200.184;100
222.71.203.58;100
43.128.112.82;100
43.155.165.192;100
43.156.58.56;100
5.196.141.185;100
23.94.169.124;15
125.27.179.27;100
196.189.124.229;100
165.22.220.145;100
121.101.69.35;100
220.194.138.51;15
148.72.64.105;100
61.170.44.194;15
182.75.227.178;100
59.80.47.124;15
18.216.186.164;100
111.229.214.58;15
43.133.54.137;100
106.12.147.141;100
111.51.156.247;15
177.229.67.231;100
111.6.56.138;15
192.241.194.54;100
183.232.189.148;15
104.250.49.163;100
23.95.65.198;15
194.147.58.246;100
43.128.134.3;100
192.241.215.11;100
62.72.191.247;15
185.242.226.4;100
35.190.180.1;15
79.191.150.141;100
152.32.133.174;100
124.221.193.51;100
151.52.193.31;100
43.163.224.98;100
185.180.140.104;100
129.159.207.180;15
47.251.80.56;100
49.65.101.245;100
202.61.85.167;15
129.226.208.154;100
202.61.85.57;15
190.145.192.106;100
62.210.122.52;100
87.120.84.220;15
49.51.186.194;100
121.127.252.89;100
45.77.177.125;15
162.240.238.27;100
172.104.102.237;15
212.237.125.91;100
43.163.199.102;100
51.255.45.74;15
97.74.85.237;100
61.128.153.112;15
157.230.87.8;100
94.156.8.104;15
170.106.110.213;100
43.163.239.63;100
193.222.96.0;15
117.119.85.54;100
162.241.70.90;100
199.45.154.55;100
43.153.2.16;100
43.159.40.86;100
148.66.132.190;100
213.159.43.215;100
80.233.77.125;100
92.63.193.141;15
91.92.245.67;100
101.32.141.245;100
43.133.68.211;100
43.163.226.92;100
103.163.118.84;100
43.156.106.71;100
128.1.32.241;100
179.43.167.18;100
192.99.59.56;100
43.163.226.99;100
162.243.141.19;100
140.86.12.31;100
114.239.73.119;100
43.157.39.85;100
43.163.235.220;100
118.193.56.133;100
176.121.215.148;100
8.219.248.155;100
84.17.45.120;100
173.199.240.40;100
199.45.154.48;100
61.85.229.246;100
210.2.169.205;15
156.54.99.104;100
54.37.164.198;15
107.170.229.5;100
195.20.16.134;15
138.68.169.219;100
176.223.110.10;15
77.232.143.19;100
91.237.163.37;100
35.200.177.62;100
142.93.34.124;100
51.89.166.236;100
172.67.169.193;15
87.236.176.213;100
43.163.210.230;100
104.21.27.213;15
115.241.83.3;100
43.135.157.181;100
107.175.111.151;100
194.5.237.145;100
150.109.11.104;100
103.133.160.2;100
146.190.227.169;100
185.114.247.232;15
165.232.124.31;100
217.32.209.50;100
103.10.44.107;100
164.92.235.79;100
177.229.134.50;100
47.116.33.203;15
122.186.46.46;100
38.147.171.36;15
23.251.108.91;100
43.156.6.102;100
187.237.252.211;100
198.20.249.189;100
61.185.226.10;100
101.32.116.94;100
124.220.134.181;100
185.56.137.74;100
212.64.199.36;100
218.103.124.180;100
152.32.147.9;100
37.120.222.217;100
59.1.81.253;100
107.174.11.23;100
43.156.40.83;100
92.205.9.238;100
162.243.133.33;100
45.192.178.134;15
107.173.179.195;100
80.66.75.63;100
112.199.181.114;100
192.241.171.230;100
64.62.156.63;100
196.191.102.41;100
93.148.93.217;100
192.241.208.70;100
43.153.19.215;100
43.153.189.29;100
50.63.24.239;100
71.27.26.109;100
18.191.211.66;100
43.156.43.136;100
52.15.63.145;100
121.120.149.141;100
200.1.219.138;100
5.135.36.99;100
103.198.172.10;100
104.250.34.22;100
165.227.124.129;100
203.161.49.247;100
218.25.233.22;100
162.243.140.48;100
36.138.224.103;100
43.128.117.169;100
106.58.175.97;100
205.174.25.88;100
73.135.38.134;100
103.249.84.151;100
114.199.123.211;100
121.184.28.68;100
202.238.29.110;100
192.241.208.49;100
184.105.139.123;100
103.163.119.101;100
23.95.246.231;15
5.23.97.124;100
103.140.239.76;15
59.23.15.223;100
95.90.12.120;100
159.223.162.68;100
184.105.139.69;100
139.59.255.135;100
43.156.44.4;100
103.231.46.66;100
43.133.254.7;100
43.155.174.6;100
43.156.59.212;100
191.103.121.105;100
134.209.222.136;100
45.118.146.109;100
43.155.147.174;100
170.106.106.198;100
184.105.247.239;100
107.170.237.74;100
176.109.242.241;100
192.241.226.55;100
206.189.229.70;100
78.84.91.123;100
36.91.166.34;100
64.62.197.137;100
88.247.224.146;100
118.70.169.148;100
43.128.101.205;100
190.12.102.58;100
5.255.125.196;100
49.51.233.231;100
192.241.226.34;100
193.163.125.108;100
198.199.118.121;100
117.50.187.144;100
167.71.197.30;100
187.45.55.123;100
43.153.201.222;100
107.170.255.4;100
43.163.219.38;100
192.241.203.52;100
180.76.119.251;100
5.202.185.113;100
159.203.104.187;100
43.153.168.232;100
88.129.167.135;100
159.65.181.182;100
164.92.73.9;100
118.122.147.49;100
206.168.34.126;100
36.91.21.53;100
43.156.70.152;100
198.199.111.152;100
43.128.73.137;100
185.216.119.169;100
43.153.23.100;100
3.133.141.6;100
111.229.183.245;100
43.134.108.174;100
74.48.30.68;100
27.71.224.4;100
43.131.235.235;100
1.82.135.154;100
165.154.183.18;100
162.252.175.197;15
183.82.100.141;100
71.88.240.79;15
43.156.177.244;100
172.104.172.74;15
117.177.215.47;100
185.150.26.240;15
117.220.10.3;100
129.226.145.162;100
45.137.155.36;15
43.134.129.107;100
45.87.155.88;15
13.79.17.158;100
15.222.252.34;15
193.151.143.72;100
192.241.217.39;100
34.142.80.46;15
43.163.238.152;100
141.195.112.200;15
61.15.97.226;100
123.101.151.178;100
43.135.176.211;100
124.156.213.101;100
161.35.193.238;100
14.103.42.143;100
91.92.253.20;100
123.138.199.66;100
164.132.170.4;100
38.71.26.14;100
43.156.3.4;100
138.97.64.134;100
159.223.192.90;100
201.124.15.40;100
103.149.28.105;100
118.193.59.237;100
161.132.41.144;100
172.118.86.54;100
190.89.106.206;100
193.176.86.61;100
43.133.112.167;100
112.81.90.243;100
125.124.98.200;100
146.190.118.100;100
151.115.58.49;100
185.172.128.209;15
202.8.125.98;100
43.163.239.153;100
45.151.167.11;100
45.95.169.139;15
128.199.120.146;100
157.10.53.116;100
72.167.32.109;100
43.155.155.251;100
183.111.66.59;100
170.106.198.166;100
185.242.226.24;100
43.133.166.245;100
128.199.207.10;100
161.35.136.120;100
139.59.43.165;100
115.159.198.56;100
175.178.160.155;15
119.123.236.121;100
5.42.75.59;100
152.89.198.76;15
64.62.197.40;100
139.59.245.64;100
202.166.165.236;100
220.121.93.140;100
91.92.245.231;15
219.127.5.19;100
106.12.147.2;100
43.134.170.113;100
107.170.240.59;100
68.183.228.251;100
142.93.47.112;100
117.50.2.247;100
34.65.234.0;100
43.130.49.137;100
83.151.234.54;100
107.170.240.49;100
14.103.46.200;100
212.86.105.212;100
62.169.19.128;15
103.245.166.184;100
91.92.245.247;100
103.145.145.80;100
159.203.208.23;100
199.45.154.18;100
2.57.122.87;100
43.156.18.46;100
117.41.163.95;100
43.133.243.231;100
209.97.160.95;100
47.242.28.249;100
185.242.226.39;100
88.41.60.19;100
162.243.138.46;100
209.141.55.77;100
43.135.140.201;100
87.103.126.54;100
3.143.168.172;100
14.63.214.22;100
14.63.217.28;100
137.255.9.114;100
16.163.148.219;15
219.145.1.83;100
120.77.11.79;15
43.153.170.246;100
192.241.229.6;100
109.120.177.43;15
43.153.56.142;100
87.120.84.167;15
47.242.112.41;100
91.151.95.157;15
128.199.5.115;100
94.228.117.246;15
182.61.49.93;100
51.75.91.32;100
45.66.248.122;15
189.223.216.148;100
142.11.201.10;15
5.182.26.91;100
38.72.132.135;100
111.22.145.211;100
210.3.101.68;15
182.76.134.58;100
185.234.216.209;15
117.133.15.114;100
45.9.148.206;15
206.189.135.113;100
190.104.25.221;100
14.103.42.227;100
43.163.210.233;100
118.33.52.89;100
217.174.238.73;100
43.133.204.102;100
80.76.49.65;100
147.185.221.17;15
121.202.204.100;100
149.200.11.170;100
83.196.78.85;15
171.244.57.45;100
89.233.210.139;100
42.236.120.12;100
192.241.213.42;100
52.227.167.147;100
103.176.179.125;100
192.241.230.57;100
211.54.102.146;100
172.105.128.12;100
36.88.46.170;100
104.250.49.6;100
14.29.247.62;100
156.241.188.80;100
43.155.132.140;100
165.154.36.71;100
46.101.171.235;100
81.19.141.173;15
79.124.76.167;100
106.54.236.42;15
194.48.251.102;100
179.27.37.248;100
223.171.91.160;100
182.229.10.141;100
87.201.127.150;100
138.117.149.62;100
150.95.81.235;100
132.248.130.218;100
58.144.197.234;100
43.134.43.92;100
43.156.109.253;100
162.243.138.52;100
173.197.14.75;100
59.21.193.225;100
43.134.54.244;100
47.103.57.73;100
162.243.132.10;100
172.105.16.105;100
192.42.116.212;100
152.42.239.5;100
61.177.172.184;100
202.124.185.146;100
43.143.113.209;100
77.240.33.155;100
111.231.10.22;100
89.185.85.151;100
119.196.17.91;100
43.133.29.237;100
43.156.57.127;100
77.240.33.238;100
183.221.214.95;100
111.229.138.47;100
45.33.94.76;100
43.153.168.50;100
114.85.97.114;100
113.9.82.167;100
191.8.166.185;100
167.71.133.68;100
104.208.108.166;100
152.32.128.214;100
186.238.126.74;100
95.85.56.9;100
110.227.208.107;100
118.69.82.100;100
128.1.32.188;100
178.72.91.245;100
188.225.78.194;100
170.250.227.12;100
192.241.213.37;100
50.58.197.247;100
139.59.71.5;100
170.187.165.242;100
18.222.67.251;100
45.126.210.212;100
45.224.43.58;100
117.50.192.172;100
123.59.61.147;100
78.153.140.177;100
78.153.140.179;100
3.134.104.173;100
23.26.77.173;100
35.229.71.59;100
103.67.163.199;100
103.77.173.93;100
147.124.210.210;100
59.106.218.106;100
185.62.58.49;100
4.227.117.130;100
20.62.192.73;100
103.67.162.245;100
116.48.148.41;100
162.62.226.200;100
94.156.8.172;100
159.203.224.19;100
178.254.41.18;100
43.153.40.246;100
184.168.127.103;100
45.128.232.174;100
103.164.62.206;100
150.109.198.17;100
218.29.157.134;100
14.63.221.137;100
43.128.229.157;100
43.130.14.85;100
65.181.84.231;100
43.128.108.108;100
162.243.134.57;100
173.11.209.10;100
193.105.134.95;100
82.197.183.130;100
122.114.69.235;100
124.28.218.130;100
183.87.223.5;100
199.45.154.76;100
211.62.68.204;100
49.51.228.159;100
77.53.153.71;100
43.156.238.206;100
47.109.41.211;100
82.84.122.203;100
124.156.2.182;100
125.212.231.76;100
185.74.4.20;100
45.88.186.76;100
172.248.47.114;100
185.242.226.36;100
196.188.120.229;100
177.124.81.25;100
3.129.13.201;100
43.133.2.93;15
43.163.241.49;100
43.134.124.73;100
139.59.209.23;100
143.198.137.192;100
182.61.34.131;100
23.26.220.24;100
112.184.40.41;100
2.180.5.62;100
190.146.67.82;100
80.68.7.50;100
137.220.228.87;100
170.106.114.187;100
202.157.186.116;100
40.121.237.235;100
223.171.91.184;100
213.230.64.246;100
216.7.90.65;100
165.227.84.172;100
35.240.164.180;100
103.186.161.19;100
81.22.51.64;100
147.182.175.155;100
157.230.8.75;100
186.235.70.42;100
43.163.196.202;100
43.163.226.88;100
177.174.88.241;100
173.29.118.52;100
184.168.108.253;100
63.46.205.80;100
106.12.121.28;100
105.242.133.7;100
154.9.207.61;15
106.12.133.92;100
180.169.25.114;100
13.91.180.110;100
43.131.240.230;100
103.187.83.129;100
111.171.127.190;100
36.92.165.163;100
47.41.69.130;100
189.195.123.54;100
202.44.199.169;100
43.134.132.231;100
201.226.239.98;100
43.153.68.211;100
45.79.109.236;100
103.157.114.122;100
202.61.193.52;100
3.16.81.94;100
172.212.57.176;100
64.62.156.36;100
118.145.147.82;100
49.247.36.29;100
51.38.126.105;100
85.114.127.2;100
34.140.108.54;100
43.156.233.134;100
124.152.91.221;100
163.53.206.235;100
220.126.217.168;100
81.140.10.102;100
139.59.21.234;100
178.218.82.16;100
192.241.231.46;100
192.241.231.52;100
54.36.115.221;100
43.135.148.51;100
64.62.156.88;100
103.203.224.181;100
111.67.197.25;100
43.135.161.130;100
165.232.167.83;100
64.62.197.35;100
85.70.45.245;100
170.106.179.206;100
186.147.39.111;100
103.152.18.138;100
111.70.13.246;100
111.70.26.117;100
164.92.225.82;100
101.32.116.159;100
106.12.139.246;100
111.99.116.183;100
210.153.172.37;100
64.23.158.177;100
104.168.30.102;100
139.59.20.30;100
152.32.149.35;100
185.246.128.133;100
192.252.181.83;100
23.90.23.234;100
110.80.34.158;100
175.155.13.140;100
43.134.63.221;100
165.232.79.130;100
61.2.225.147;100
178.128.94.81;100
199.115.228.186;100
223.84.156.68;100
43.156.29.148;100
79.170.191.54;100
43.155.166.220;100
43.156.134.43;100
184.105.247.210;100
34.118.206.178;100
104.250.50.111;100
107.146.32.58;100
5.42.87.182;100
103.170.179.158;100
118.142.83.11;100
170.106.101.50;100
198.199.107.119;100
198.199.125.69;100
43.130.31.54;100
165.232.158.187;100
43.155.145.177;100
103.149.26.160;100
143.42.164.127;100
145.224.75.119;100
152.32.207.179;100
176.10.248.195;100
154.212.141.175;100
170.106.104.55;100
93.185.73.178;100
122.193.241.58;100
170.79.27.184;100
43.131.243.234;100
218.62.91.135;100
124.107.34.26;100
124.156.201.25;100
150.223.20.12;100
211.247.127.252;100
219.150.93.157;100
104.156.155.6;100
60.166.8.174;100
106.12.108.181;100
119.188.157.200;100
43.163.236.150;100
117.32.249.174;100
186.195.251.43;100
112.28.89.134;100
41.207.248.204;100
43.156.68.36;100
102.140.97.134;100
165.154.6.248;100
95.58.255.251;100
137.220.190.44;100
43.134.92.252;100
192.42.116.214;100
113.234.74.59;100
43.159.45.36;100
156.236.70.41;100
143.42.1.52;100
188.169.66.154;100
43.131.248.43;100
3.144.212.145;100
210.91.73.167;100
3.133.131.168;100
61.7.241.146;100
92.55.190.215;100
107.172.157.203;100
122.187.228.230;100
1.28.126.94;100
58.230.236.82;100
186.33.250.40;100
211.205.146.178;100
219.140.170.34;100
222.74.136.222;100
138.197.28.52;100
14.44.55.67;100
120.48.9.61;100
178.54.12.109;100
43.135.13.119;100
211.107.124.218;100
146.185.134.177;100
192.241.229.32;100
43.163.197.209;100
81.209.147.8;100
117.66.242.233;100
64.62.197.89;100
140.249.20.113;100
61.143.59.18;100
122.187.116.70;100
204.48.20.55;100
14.103.34.153;100
103.130.215.82;100
174.175.94.20;100
107.170.248.42;100
80.184.104.121;100
218.149.19.7;100
111.3.27.241;100
43.130.37.134;100
51.158.120.121;100
137.22.34.218;100
43.156.132.217;100
80.66.75.211;100
203.55.81.3;15
60.168.80.94;100
192.241.153.100;100
147.45.77.72;100
183.131.79.238;100
192.241.233.53;100
110.40.151.212;100
13.49.4.9;15
184.168.31.172;100
220.179.241.68;100
143.198.112.191;15
220.180.166.28;100
101.85.45.79;100
62.169.29.245;15
195.178.191.4;100
165.232.110.107;15
197.251.192.114;100
222.120.87.59;100
77.238.231.212;15
124.165.188.52;100
213.219.184.249;100
13.213.45.189;15
36.89.156.215;100
36.91.135.141;100
95.70.159.193;15
46.3.241.223;100
45.152.66.244;15
14.38.141.178;100
117.72.74.16;15
115.96.27.126;100
14.103.40.38;100
45.32.111.233;15
152.200.152.78;100
156.224.21.29;100
46.246.80.2;15
43.134.165.54;100
49.1.239.101;15
43.133.39.35;100
45.79.82.114;100
187.213.203.252;15
45.175.75.254;100
64.225.31.29;15
45.161.162.46;100
188.166.210.39;100
185.64.247.78;15
192.241.214.21;100
43.143.170.206;15
219.249.140.30;100
123.58.199.69;100
45.76.190.37;15
104.131.144.30;100
109.120.178.253;15
43.135.160.93;100
60.51.53.31;100
54.145.56.118;15
68.183.194.148;100
51.91.111.73;100
137.184.102.204;100
199.45.155.31;100
220.76.163.140;100
129.226.209.63;100
91.210.59.57;100
117.145.135.150;100
165.232.88.22;100
182.139.39.150;100
220.117.91.67;100
101.33.69.235;100
118.26.110.188;100
198.199.102.74;100
1.192.48.55;100
43.134.110.122;100
43.156.33.183;100
27.111.74.44;100
65.49.1.71;100
121.152.45.237;100
152.32.250.112;100
45.195.198.97;100
154.91.83.4;100
23.239.28.180;100
43.134.12.204;100
164.163.98.49;100
106.241.54.211;100
183.167.193.127;100
104.199.217.25;100
104.250.50.67;100
106.225.178.131;100
198.199.117.99;100
104.250.50.151;100
192.241.196.79;100
18.117.196.184;100
68.178.148.7;100
83.235.16.111;100
87.236.176.2;100
1.11.62.190;100
45.55.53.166;100
180.168.100.230;100
184.105.247.203;100
43.134.181.43;100
58.33.58.37;100
128.199.22.222;100
113.161.128.1;100
42.51.45.234;100
181.48.60.50;100
40.127.173.225;100
43.135.48.212;100
111.70.10.15;100
43.128.106.243;100
46.101.145.60;100
49.207.180.112;100
64.225.98.83;100
111.70.21.178;100
114.5.80.179;100
115.75.35.251;100
178.62.194.205;100
205.185.113.140;100
43.153.223.239;100
58.220.39.220;100
43.130.227.117;100
83.168.107.51;100
14.18.92.211;100
92.124.144.204;100
103.130.213.118;100
128.1.40.249;100
154.212.141.166;100
43.153.103.217;100
52.244.231.202;100
122.176.57.140;100
148.72.115.9;100
183.232.65.87;100
43.134.171.114;100
161.35.1.160;100
43.133.197.8;15
2.57.122.215;100
82.153.138.119;100
43.128.109.21;100
45.135.241.228;100
192.241.226.24;100
104.234.61.200;15
170.106.65.25;100
76.72.50.148;100
94.156.65.182;15
193.70.1.27;100
61.80.179.118;100
139.59.64.179;100
85.192.41.211;100
111.216.194.148;100
185.211.5.113;100
117.50.137.84;100
170.106.195.162;100
92.204.138.28;100
43.153.9.178;100
184.105.139.105;100
211.194.83.173;100
223.223.177.215;100
201.173.128.164;100
43.156.237.124;100
59.4.255.205;100
131.106.68.91;100
216.218.206.92;100
43.134.162.156;100
43.134.230.140;100
24.12.160.247;100
218.250.236.101;100
43.153.110.107;100
65.49.1.52;100
211.195.218.133;100
94.156.79.95;100
177.8.221.110;100
43.134.0.65;100
85.209.133.113;100
192.227.164.153;15
203.86.123.133;100
39.130.142.71;100
43.156.33.231;100
46.246.84.16;15
119.160.192.75;100
46.246.12.3;15
179.153.158.33;100
64.62.156.102;100
196.74.150.120;15
190.185.229.149;100
157.230.240.227;100
103.225.13.56;100
38.255.224.70;100
76.119.126.40;100
89.97.218.142;100
110.181.114.223;100
77.141.242.25;100
2.189.243.188;100
79.132.125.226;100
43.134.232.58;100
43.153.83.135;100
203.57.255.116;100
207.180.240.208;100
200.1.109.226;100
200.148.248.83;100
43.153.22.117;100
143.244.132.233;100
198.199.118.16;100
210.17.195.178;100
210.217.8.183;100
180.151.228.221;100
218.149.228.161;100
223.22.233.94;100
35.241.131.245;15
43.153.216.216;100
203.175.11.179;15
43.153.226.222;100
43.153.188.222;100
94.131.107.85;15
103.160.148.170;100
185.220.100.251;100
94.156.79.50;15
43.156.33.78;100
103.86.180.10;100
188.166.138.176;15
164.52.0.93;100
218.76.30.193;100
178.128.196.190;15
41.111.234.136;100
79.175.189.109;100
146.56.237.36;15
43.163.214.132;100
45.15.159.48;100
93.95.231.17;15
185.122.204.179;100
13.91.177.99;100
41.96.151.123;15
203.150.107.244;100
137.184.61.218;15
104.250.49.129;100
43.128.104.71;100
35.89.154.15;15
124.156.197.174;100
194.87.106.163;15
43.134.3.225;100
178.128.134.221;15
45.79.109.130;100
138.197.134.200;15
129.226.156.158;100
20.186.89.88;15
175.6.141.237;100
166.62.94.122;100
194.87.252.12;15
14.6.16.137;100
121.43.94.2;15
2.189.255.198;100
38.97.160.205;100
43.140.251.2;15
124.156.202.45;100
20.197.49.246;100
104.175.21.204;100
180.252.168.82;100
195.128.241.207;100
45.168.58.24;100
146.190.108.97;100
43.156.29.177;100
43.159.35.254;100
107.172.29.228;100
177.52.160.32;100
64.62.197.241;100
64.68.179.153;100
102.164.230.250;100
180.76.250.158;100
43.143.1.22;100
27.72.29.114;100
79.136.14.233;100
43.128.106.66;100
89.187.28.238;15
43.131.30.58;100
85.227.82.3;100
107.170.232.47;100
112.217.207.26;100
43.131.60.220;100
45.161.162.71;100
45.238.232.3;100
61.252.141.84;100
119.96.229.45;100
172.105.219.248;100
24.69.190.84;100
51.158.107.197;100
192.241.192.58;100
58.228.162.251;100
91.92.242.152;100
190.119.66.238;100
192.241.235.28;100
35.202.163.126;100
110.183.19.170;100
158.69.255.26;100
165.154.51.243;100
43.153.219.166;100
51.158.230.229;100
43.153.66.73;100
180.76.225.191;100
116.213.40.102;15
43.130.61.66;100
106.254.51.106;100
206.238.221.2;15
161.35.108.241;100
43.153.53.166;100
45.95.147.219;100
103.169.236.182;100
192.241.226.36;100
103.61.75.236;100
43.134.61.120;100
82.102.12.130;100
220.119.126.81;100
221.230.11.83;100
46.188.119.26;100
154.209.4.95;100
209.38.232.83;100
175.178.113.42;100
220.85.68.71;100
58.230.236.86;100
82.223.222.75;100
84.119.229.188;100
185.220.101.41;100
198.72.180.154;100
43.134.62.103;100
101.126.3.109;100
159.223.55.122;100
223.18.68.211;100
58.246.96.178;100
173.255.210.89;100
94.156.8.70;100
46.245.38.94;100
107.170.241.5;100
50.158.152.202;100
182.50.135.62;100
107.170.229.26;100
132.145.202.183;100
207.180.194.32;100
185.246.188.74;100
119.28.158.97;100
46.214.229.202;100
104.199.162.173;100
43.134.191.89;100
46.39.89.46;100
84.52.103.234;100
43.153.82.175;100
87.236.176.157;100
120.246.33.98;100
119.196.24.240;100
150.109.148.216;100
162.243.137.24;100
42.51.44.207;100
43.153.192.182;100
103.123.169.170;100
153.141.55.46;100
178.176.193.56;100
77.221.159.184;100
187.235.21.172;100
43.163.226.35;100
43.156.14.158;100
49.75.185.71;100
76.137.32.199;100
5.42.86.25;100
103.92.137.194;100
103.48.193.7;100
43.133.34.99;100
43.155.132.63;100
36.111.172.198;100
165.154.105.128;100
96.43.101.245;15
180.250.196.141;100
203.172.76.4;100
210.12.174.210;100
143.110.247.205;100
192.241.237.50;100
193.70.85.215;100
182.253.1.194;100
3.137.218.215;100
103.140.239.162;15
43.128.84.19;100
81.70.248.169;100
103.78.171.114;100
94.207.107.75;100
170.106.82.32;100
107.170.238.48;100
112.199.182.115;100
190.186.172.230;100
198.199.108.7;100
138.68.208.14;100
198.23.176.86;100
43.156.0.210;100
43.131.247.111;100
47.245.105.152;100
184.105.139.104;100
103.163.214.97;15
65.49.1.103;100
159.203.208.36;100
185.17.229.65;100
46.20.109.232;100
45.61.184.159;15
83.81.239.100;100
51.75.17.249;15
206.168.34.33;100
107.189.14.106;100
150.109.204.207;100
45.156.129.13;100
111.67.196.128;100
192.169.146.123;100
124.156.213.213;100
144.172.73.11;100
162.247.74.217;100
43.163.197.63;100
51.68.126.207;100
175.207.13.86;100
52.60.202.159;15
34.92.146.210;100
36.170.62.148;100
134.122.109.15;15
49.51.230.169;100
185.213.49.14;100
77.105.146.185;15
116.118.48.183;100
117.34.71.28;100
114.55.100.165;15
121.159.71.249;100
185.180.143.145;100
65.49.20.90;100
78.140.54.40;100
122.51.79.87;15
191.242.105.133;100
222.71.127.234;100
162.252.175.170;15
103.134.144.76;100
43.134.51.31;100
191.96.1.195;15
43.134.72.45;100
185.140.12.198;15
45.79.153.51;100
94.156.10.208;15
182.71.246.11;100
64.62.197.33;100
188.48.107.177;15
213.3.40.107;100
41.129.161.179;15
218.92.0.90;100
218.151.117.109;100
159.100.6.45;15
43.157.79.252;100
185.170.144.142;15
185.233.37.14;100
223.247.213.152;100
39.173.112.177;15
114.206.23.151;100
89.175.170.211;15
193.46.255.152;100
31.129.57.189;15
46.191.230.34;100
172.104.110.118;15
122.187.226.240;100
176.253.137.191;100
174.138.179.149;15
196.190.41.137;100
151.115.72.13;15
204.137.14.106;100
210.3.92.14;100
38.97.116.244;100
43.155.165.6;100
45.141.215.90;100
60.191.23.20;100
165.154.147.148;100
171.220.243.28;100
203.202.247.29;100
5.42.66.6;100
77.91.85.147;100
203.190.53.154;100
94.103.124.101;100
85.9.20.144;100
178.175.142.26;100
180.129.72.3;100
223.82.232.211;100
43.156.201.224;100
129.226.147.115;100
134.122.186.134;15
43.163.223.39;100
43.130.2.245;100
185.100.87.174;100
193.32.162.19;100
43.131.63.203;100
146.59.44.64;100
154.222.226.141;100
185.106.94.195;100
185.220.100.255;100
221.167.45.84;100
146.190.60.168;100
185.220.101.11;100
185.220.101.157;100
113.142.54.163;100
162.62.61.159;100
185.220.101.16;100
185.220.101.174;100
195.158.4.210;100
198.199.109.30;100
43.134.1.152;100
58.18.64.186;100
119.237.203.150;100
154.117.199.12;100
216.250.118.219;15
43.163.227.246;100
185.220.101.178;100
203.116.95.48;100
43.155.157.82;100
185.220.101.35;100
185.220.101.181;100
185.220.101.189;100
162.62.232.161;100
185.220.101.36;100
185.220.101.63;100
190.110.226.135;100
191.242.105.131;100
137.220.191.181;100
192.42.116.219;100
104.250.49.177;100
192.64.119.71;15
109.94.176.74;100
43.134.101.92;100
43.156.28.99;100
43.163.224.167;100
107.170.254.30;100
122.187.245.15;100
205.185.117.149;100
213.6.109.39;100
77.221.159.75;100
94.204.110.233;100
206.189.153.223;100
3.141.244.201;100
43.135.176.202;100
64.227.146.61;100
107.170.248.43;100
222.191.243.91;100
94.156.8.93;100
211.53.58.10;100
146.75.104.223;15
43.128.105.47;100
78.139.102.143;100
151.101.0.223;15
107.189.30.69;100
138.68.188.84;100
162.19.208.139;100
151.101.128.223;15
120.198.22.43;100
151.101.64.223;15
122.148.252.147;100
151.101.192.223;15
43.134.79.213;100
43.156.114.76;100
211.253.10.61;100
18.191.174.168;100
43.134.51.216;100
43.139.183.147;100
172.245.33.131;100
162.62.218.43;100
209.121.81.159;100
147.78.47.250;100
206.168.34.188;100
61.93.186.125;100
150.158.77.170;100
4.236.170.3;100
45.174.191.9;100
107.170.252.18;100
39.162.8.99;100
167.71.213.133;100
43.153.186.76;100
167.99.1.98;100
192.241.232.38;100
202.157.184.3;100
123.127.231.74;100
139.59.70.142;100
162.62.226.7;100
208.109.38.20;100
47.206.124.11;100
185.216.70.168;15
71.228.48.213;100
104.156.155.7;100
179.181.133.157;100
64.227.78.129;100
194.180.191.34;15
101.126.70.240;100
128.199.214.193;100
150.109.195.101;100
43.163.197.146;100
45.95.169.184;100
141.98.81.53;100
159.89.154.119;100
82.207.8.218;100
220.248.35.196;100
47.245.49.1;15
43.153.107.115;100
114.35.47.21;100
47.74.6.30;15
64.23.188.86;100
124.156.203.50;100
121.177.70.228;100
147.203.255.20;100
163.5.169.19;15
128.199.27.135;100
129.205.208.20;100
85.204.116.22;15
155.93.232.166;100
156.38.58.9;100
85.204.116.206;15
164.92.80.194;100
85.204.116.21;15
154.212.141.136;100
191.252.111.93;100
85.204.116.20;15
171.244.134.21;100
37.245.34.177;100
199.45.155.52;100
43.153.14.251;100
104.250.50.95;100
134.122.8.241;100
193.163.125.195;100
107.179.33.13;15
20.225.126.147;100
185.216.70.250;15
68.183.223.68;100
185.216.70.169;15
43.156.138.208;100
49.36.43.77;100
172.245.119.70;15
104.248.140.77;100
172.245.119.63;15
186.200.228.114;100
104.168.45.11;15
15.204.219.86;100
104.168.32.17;15
198.12.124.76;15
43.131.6.85;100
187.34.30.206;100
45.229.18.208;100
80.72.24.105;100
120.48.124.172;100
188.18.49.50;100
204.44.86.225;15
154.90.49.249;100
107.172.143.44;100
162.243.167.54;100
14.18.107.7;100
86.104.38.239;100
101.32.114.105;100
211.47.2.2;100
211.228.245.133;100
80.229.18.62;100
103.56.112.150;100
104.236.74.180;100
122.180.144.40;100
165.154.164.112;100
103.176.25.158;100
139.177.204.98;100
162.243.130.25;100
170.106.116.145;100
43.134.237.73;100
45.88.91.125;100
58.48.37.54;100
43.133.76.228;100
78.110.121.88;100
103.106.154.4;100
43.134.186.17;100
61.84.223.244;100
203.57.233.20;100
31.220.77.38;100
64.62.197.47;100
150.109.12.240;100
1.71.53.250;100
43.134.175.223;100
64.226.86.7;100
220.81.148.74;100
51.77.245.172;100
104.248.54.24;100
107.172.143.38;100
104.192.7.83;100
128.1.32.130;100
192.241.202.53;100
14.139.125.202;100
43.163.240.155;100
202.185.12.48;100
103.13.134.244;100
150.109.95.205;100
5.32.107.98;100
5.188.62.21;100
43.156.250.169;100
63.41.9.210;100
128.1.32.135;100
152.89.170.200;100
43.133.182.197;100
129.226.81.66;100
41.65.118.173;100
129.226.147.252;100
138.36.213.139;100
71.30.20.198;100
111.23.117.117;100
170.106.104.43;100
184.168.113.58;100
104.199.219.158;100
162.62.126.85;100
18.188.40.207;100
18.222.69.152;100
43.133.47.86;100
104.168.125.161;100
180.101.88.225;100
146.185.164.25;100
24.143.127.71;100
152.32.245.44;100
18.217.144.32;100
43.156.77.105;100
104.250.50.168;100
183.62.183.74;100
43.156.83.142;100
91.218.160.238;100
106.104.69.212;100
117.158.25.54;100
167.172.105.64;100
189.195.123.57;100
218.149.228.155;100
121.135.188.125;100
122.160.139.7;100
13.91.164.133;100
43.130.7.112;100
213.202.233.34;100
218.0.62.153;100
43.128.81.123;100
43.134.237.12;100
187.95.160.53;100
106.51.175.255;100
185.202.113.44;100
143.42.164.182;100
50.116.98.18;100
162.62.217.22;100
49.51.252.2;100
118.193.69.202;100
91.136.11.83;100
147.182.236.114;100
43.153.209.90;100
142.93.229.57;100
181.177.246.226;100
5.200.55.23;100
24.49.234.209;100
78.29.203.115;100
134.122.100.49;100
50.217.67.69;100
14.18.105.210;100
36.139.105.176;100
167.71.236.35;100
173.249.37.185;100
192.142.103.89;100
203.98.76.172;100
34.92.143.190;100
43.159.36.174;100
118.194.250.169;100
174.103.241.26;100
43.134.97.51;100
43.134.104.157;100
220.79.240.160;100
221.162.209.158;100
77.232.142.150;100
120.77.35.242;100
123.138.135.72;100
60.246.152.189;100
92.232.130.221;100
103.11.100.11;100
178.62.66.131;100
103.149.27.228;100
187.16.96.250;100
164.52.36.220;100
43.134.88.154;100
137.184.119.247;100
171.15.113.150;100
185.219.127.19;100
222.119.92.45;100
42.81.140.83;100
104.250.34.4;100
43.128.130.87;100
43.130.251.49;100
102.217.123.243;100
14.63.160.31;100
141.147.180.0;100
148.113.15.212;100
43.155.172.6;100
156.236.64.189;100
192.241.192.8;100
45.119.85.208;100
104.250.49.139;100
139.59.117.205;100
192.241.218.37;100
14.103.44.187;100
45.232.244.5;100
170.64.154.131;100
43.134.104.198;100
43.155.147.24;100
159.203.192.41;100
31.6.50.110;100
43.156.82.52;100
129.226.207.190;100
43.155.146.66;100
124.156.223.70;100
165.227.188.42;100
43.134.16.131;100
121.41.50.152;15
120.24.108.217;100
202.29.229.132;100
123.207.50.191;15
64.62.197.4;100
128.199.194.1;100
195.33.218.186;100
43.153.24.65;100
49.175.187.31;100
95.90.242.212;100
47.245.25.31;100
72.15.114.178;100
178.236.246.60;100
221.158.244.42;100
198.199.111.103;100
43.133.10.33;100
43.156.205.124;100
103.188.177.46;100
154.212.141.213;100
47.234.143.55;100
91.238.181.247;100
64.62.197.184;100
118.26.110.235;100
73.62.210.252;100
156.231.0.64;100
5.31.11.154;100
43.163.234.214;100
18.191.5.239;100
113.142.134.0;100
139.59.18.138;100
64.23.189.171;100
66.232.18.244;100
70.91.212.1;100
164.52.36.212;100
43.134.175.129;100
125.124.145.75;100
162.243.138.63;100
172.105.95.198;100
27.72.62.222;100
43.134.23.163;100
222.187.92.132;100
43.163.192.247;100
103.234.151.178;100
118.193.16.50;100
139.59.44.159;100
160.153.234.75;100
190.145.231.14;100
193.118.53.46;100
223.8.184.42;100
43.134.52.47;100
167.114.114.51;100
173.249.19.204;100
71.128.32.25;100
124.156.200.129;100
201.186.40.250;100
150.109.204.117;100
197.5.145.8;100
58.61.24.113;100
180.103.37.77;100
206.168.34.42;100
45.180.136.12;100
103.186.66.110;100
107.172.143.117;100
170.239.128.7;100
43.154.207.124;100
121.183.30.17;100
129.226.145.48;100
43.134.134.240;100
177.135.249.197;100
47.156.245.142;100
43.134.53.167;100
43.155.169.70;100
119.6.50.76;100
83.40.219.142;100
162.243.133.39;100
203.12.200.207;100
24.102.66.149;100
146.70.86.229;15
43.156.16.109;100
103.36.84.107;100
165.154.131.4;100
91.144.20.198;100
192.241.196.80;100
194.113.233.251;100
104.195.12.36;100
159.203.224.9;100
192.241.207.44;100
43.130.33.205;100
103.200.112.122;100
43.153.20.27;100
71.29.189.76;100
128.199.73.168;100
165.22.62.74;100
170.106.108.233;100
188.121.114.194;15
208.81.201.3;100
211.195.101.110;100
43.133.67.75;100
193.106.245.20;100
198.12.229.101;100
43.134.167.39;100
194.116.216.217;15
43.163.204.115;100
43.134.85.91;100
146.88.241.211;100
128.199.196.231;100
112.20.185.169;100
43.134.34.122;100
122.4.255.102;100
167.172.111.94;100
43.153.223.179;100
46.101.231.231;100
146.88.241.31;100
43.131.249.200;100
43.163.200.19;100
101.126.69.104;100
128.199.71.12;100
23.224.55.45;100
43.128.68.235;100
78.40.216.192;15
43.159.139.252;100
94.158.247.32;15
23.99.201.14;100
43.153.223.232;100
43.156.149.50;100
146.190.107.251;100
90.150.72.64;100
107.170.192.31;100
23.137.104.58;100
43.134.57.78;100
128.1.39.98;100
129.226.92.40;100
218.219.234.252;100
43.131.248.141;100
43.156.106.209;100
116.103.226.231;100
43.133.173.195;100
122.199.107.20;100
42.56.88.247;100
64.227.151.183;100
120.194.1.196;100
170.106.113.15;100
106.58.175.61;100
49.51.250.52;100
72.167.79.152;100
